model,Removed View 0,Removed View 1,Removed View 2,Removed View 3,Removed View 4,Removed View 5,Removed View 6,Removed View 7,Removed View 8,Removed View 9,Removed View 10,Removed View 11
airplane_0627,1,1,1,1,1,1,1,1,1,1,1,1
airplane_0628,1,1,1,1,1,1,1,1,1,1,1,1
airplane_0629,1,1,1,1,1,1,1,1,1,1,1,1
airplane_0630,1,1,1,1,1,1,1,1,1,1,1,1
airplane_0631,1,1,1,1,1,1,1,1,1,1,1,1
airplane_0632,1,1,1,1,1,1,1,1,1,1,1,1
airplane_0633,1,1,1,1,1,1,1,1,1,1,1,1
airplane_0634,1,1,1,1,1,1,1,1,1,1,1,1
airplane_0635,1,1,1,1,1,1,1,1,1,1,1,1
airplane_0636,1,1,1,1,1,1,1,1,1,1,1,1
airplane_0637,1,1,1,1,1,1,1,1,1,1,1,1
airplane_0638,1,1,1,1,1,1,1,1,1,1,1,1
airplane_0639,1,1,1,1,1,1,1,1,1,1,1,1
airplane_0640,1,1,1,1,1,1,1,1,1,1,1,1
airplane_0641,1,1,1,1,1,1,1,1,1,1,1,1
airplane_0642,1,1,1,1,1,1,1,1,1,1,1,1
airplane_0643,1,1,1,1,1,1,1,1,1,1,1,1
airplane_0644,1,1,1,1,1,1,1,1,1,1,1,1
airplane_0645,1,1,1,1,1,1,1,1,1,1,1,1
airplane_0646,1,1,1,1,1,1,1,1,1,1,1,1
airplane_0647,1,1,1,1,1,1,1,1,1,1,1,1
airplane_0648,1,1,1,1,1,1,1,1,1,1,1,1
airplane_0649,1,1,1,1,1,1,1,1,1,1,1,1
airplane_0650,1,1,1,1,1,1,1,1,1,1,1,1
airplane_0651,1,1,1,1,1,1,1,1,1,1,1,1
airplane_0652,1,1,1,1,1,1,1,1,1,1,1,1
airplane_0653,1,1,1,1,1,1,1,1,1,1,1,1
airplane_0654,1,1,1,1,1,1,1,1,1,1,1,1
airplane_0655,1,1,1,1,1,1,1,1,1,1,1,1
airplane_0656,1,1,1,1,1,1,1,1,1,1,1,1
airplane_0657,1,1,1,1,1,1,1,1,1,1,1,1
airplane_0658,1,1,1,1,1,1,1,1,1,1,1,1
airplane_0659,1,1,1,1,1,1,1,1,1,1,1,1
airplane_0660,1,1,1,1,1,1,1,1,1,1,1,1
airplane_0661,1,1,1,1,1,1,1,1,1,1,1,1
airplane_0662,1,1,1,1,1,1,1,1,1,1,1,1
airplane_0663,1,1,1,1,1,1,1,1,1,1,1,1
airplane_0664,1,1,1,1,1,1,1,1,1,1,1,1
airplane_0665,1,1,1,1,1,1,1,1,1,1,1,1
airplane_0666,1,1,1,1,1,1,1,1,1,1,1,1
airplane_0667,1,1,1,1,1,1,1,1,1,1,1,1
airplane_0668,1,1,1,1,1,1,1,1,1,1,1,1
airplane_0669,1,1,1,1,1,1,1,1,1,1,1,1
airplane_0670,1,1,1,1,1,1,1,1,1,1,1,1
airplane_0671,1,1,1,1,1,1,1,1,1,1,1,1
airplane_0672,1,1,1,1,1,1,1,1,1,1,1,1
airplane_0673,1,1,1,1,1,1,1,1,1,1,1,1
airplane_0674,1,1,1,1,1,1,1,1,1,1,1,1
airplane_0675,1,1,1,1,1,1,1,1,1,1,1,1
airplane_0676,1,1,1,1,1,1,1,1,1,1,1,1
airplane_0677,1,1,1,1,1,1,1,1,1,1,1,1
airplane_0678,1,1,1,1,1,1,1,1,1,1,1,1
airplane_0679,1,1,1,1,1,1,1,1,1,1,1,1
airplane_0680,1,1,1,1,1,1,1,1,1,1,1,1
airplane_0681,1,1,1,1,1,1,1,1,1,1,1,1
airplane_0682,1,1,1,1,1,1,1,1,1,1,1,1
airplane_0683,1,1,1,1,1,1,1,1,1,1,1,1
airplane_0684,1,1,1,1,1,1,1,1,1,1,1,1
airplane_0685,1,1,1,1,1,1,1,1,1,1,1,1
airplane_0686,1,1,1,1,1,1,1,1,1,1,1,1
airplane_0687,1,1,1,1,1,1,1,1,1,1,1,1
airplane_0688,1,1,1,1,1,1,1,1,1,1,1,1
airplane_0689,1,1,1,1,1,1,1,1,1,1,1,1
airplane_0690,1,1,1,1,1,1,1,1,1,1,1,1
airplane_0691,1,1,1,1,1,1,1,1,1,1,1,1
airplane_0692,1,1,1,1,1,1,1,1,1,1,1,1
airplane_0693,1,1,1,1,1,1,1,1,1,1,1,1
airplane_0694,1,1,1,1,1,1,1,1,1,1,1,1
airplane_0695,1,1,1,1,1,1,1,1,1,1,1,1
airplane_0696,1,1,1,1,1,1,1,1,1,1,1,1
airplane_0697,1,1,1,1,1,1,1,1,1,1,1,1
airplane_0698,1,1,1,1,1,1,1,1,1,1,1,1
airplane_0699,1,1,1,1,1,1,1,1,1,1,1,1
airplane_0700,1,1,1,1,1,1,1,1,1,1,1,1
airplane_0701,1,1,1,1,1,1,1,1,1,1,1,1
airplane_0702,1,1,1,1,1,1,1,1,1,1,1,1
airplane_0703,1,1,1,1,1,1,1,1,1,1,1,1
airplane_0704,1,1,1,1,1,1,1,1,1,1,1,1
airplane_0705,1,1,1,1,1,1,1,1,1,1,1,1
airplane_0706,1,1,1,1,1,1,1,1,1,1,1,1
airplane_0707,1,1,1,1,1,1,1,1,1,1,1,1
airplane_0708,1,1,1,1,1,1,1,1,1,1,1,1
airplane_0709,1,1,1,1,1,1,1,1,1,1,1,1
airplane_0710,1,1,1,1,1,1,1,1,1,1,1,1
airplane_0711,1,1,1,1,1,1,1,1,1,1,1,1
airplane_0712,1,1,1,1,1,1,1,1,1,1,1,1
airplane_0713,1,1,1,1,1,1,1,1,1,1,1,1
airplane_0714,1,1,1,1,1,1,1,1,1,1,1,1
airplane_0715,1,1,1,1,1,1,1,1,1,1,1,1
airplane_0716,1,1,1,1,1,1,1,1,1,1,1,1
airplane_0717,1,1,1,1,1,1,1,1,1,1,1,1
airplane_0718,1,1,1,1,1,1,1,1,1,1,1,1
airplane_0719,1,1,1,1,1,1,1,1,1,1,1,1
airplane_0720,1,1,1,1,1,1,1,1,1,1,1,1
airplane_0721,1,1,1,1,1,1,1,1,1,1,1,1
airplane_0722,1,1,1,1,1,1,1,1,1,1,1,1
airplane_0723,0,0,0,0,0,0,0,0,0,0,0,0
airplane_0724,1,1,1,1,1,1,1,1,1,1,1,1
airplane_0725,1,1,1,1,1,1,1,1,1,1,1,1
airplane_0726,1,1,1,1,1,1,1,1,1,1,1,1
bed_0516,1,1,1,1,1,1,1,1,1,1,1,1
bed_0517,1,1,1,1,1,1,1,1,1,1,1,1
bed_0518,1,1,1,1,1,1,1,1,1,1,1,1
bed_0519,1,0,0,1,0,0,0,0,0,1,1,0
bed_0520,1,1,1,1,1,1,1,1,1,1,1,1
bed_0521,1,1,1,1,1,1,1,1,1,1,1,1
bed_0522,1,1,1,1,1,1,1,1,1,1,1,1
bed_0523,1,1,1,1,1,1,1,1,1,1,1,1
bed_0524,1,1,1,1,1,1,1,1,1,1,1,1
bed_0525,1,1,1,1,1,1,1,1,1,1,1,1
bed_0526,1,1,1,1,1,1,1,1,1,1,1,1
bed_0527,0,0,0,0,0,0,0,0,0,1,0,0
bed_0528,1,1,1,1,1,1,1,1,1,1,1,1
bed_0529,1,1,1,1,1,1,1,1,1,1,1,1
bed_0530,1,1,1,1,1,1,1,1,1,1,1,1
bed_0531,0,0,1,1,1,0,0,0,0,1,0,1
bed_0532,1,1,1,1,1,1,1,1,1,1,1,1
bed_0533,0,1,1,1,1,1,0,0,0,1,0,0
bed_0534,0,0,0,0,0,0,0,0,0,0,0,0
bed_0535,1,1,1,1,1,1,1,1,1,1,1,1
bed_0536,1,1,1,1,1,1,1,1,1,1,1,1
bed_0537,1,1,1,1,1,1,1,1,1,1,1,1
bed_0538,1,1,1,1,1,1,1,1,1,1,1,1
bed_0539,1,1,1,1,1,1,1,1,1,1,1,1
bed_0540,1,1,1,1,1,1,1,1,1,1,1,1
bed_0541,1,1,1,1,1,1,1,1,1,1,1,1
bed_0542,1,1,1,1,1,1,1,1,1,1,1,1
bed_0543,1,1,1,1,1,1,1,1,1,1,1,1
bed_0544,1,1,1,1,1,1,1,1,1,1,1,1
bed_0545,1,1,1,1,1,1,1,1,1,1,1,1
bed_0546,1,1,1,1,1,1,1,1,1,1,1,1
bed_0547,0,0,0,1,0,0,0,0,0,1,0,0
bed_0548,1,1,1,1,1,1,1,1,1,1,1,1
bed_0549,1,1,1,1,1,1,1,1,1,1,1,1
bed_0550,1,1,1,1,1,1,1,1,1,1,1,1
bed_0551,1,1,1,1,1,1,1,1,1,1,1,1
bed_0552,1,1,1,1,1,1,1,1,1,1,1,1
bed_0553,1,1,1,1,1,1,1,1,1,1,1,1
bed_0554,1,1,1,1,1,1,1,1,1,1,1,1
bed_0555,1,1,1,1,1,1,1,1,1,1,1,1
bed_0556,1,1,1,1,1,1,1,1,1,1,1,1
bed_0557,1,1,1,1,1,1,1,1,1,1,1,1
bed_0558,1,1,1,1,1,1,1,1,1,1,1,1
bed_0559,1,1,1,1,1,1,1,1,1,1,1,1
bed_0560,1,1,1,1,1,1,1,1,1,1,1,1
bed_0561,1,1,1,1,1,1,1,1,1,1,1,1
bed_0562,1,1,1,1,1,1,1,1,1,1,1,1
bed_0563,1,1,1,1,1,1,1,1,1,1,1,1
bed_0564,1,1,1,1,1,1,1,1,1,1,1,1
bed_0565,1,1,1,1,1,1,1,1,1,1,1,1
bed_0566,1,1,1,1,1,1,1,1,1,1,1,1
bed_0567,1,1,1,1,1,1,1,1,1,1,1,1
bed_0568,1,1,1,1,1,1,1,1,1,1,1,1
bed_0569,1,1,1,1,1,1,1,1,1,1,1,1
bed_0570,1,1,1,1,1,1,1,1,1,1,1,1
bed_0571,1,1,1,1,1,1,1,1,1,1,1,1
bed_0572,1,1,1,1,1,1,1,1,1,1,1,1
bed_0573,1,1,1,1,1,1,1,1,1,1,1,1
bed_0574,1,1,1,1,1,1,1,1,1,1,1,1
bed_0575,1,1,1,1,1,1,1,1,1,1,1,1
bed_0576,1,1,1,1,1,1,1,1,1,1,1,1
bed_0577,1,1,1,1,1,1,1,1,1,1,1,1
bed_0578,1,1,1,1,1,1,1,1,1,1,1,1
bed_0579,1,1,1,1,1,1,1,1,1,1,1,1
bed_0580,1,1,1,1,1,1,1,1,1,1,1,1
bed_0581,1,1,1,1,1,1,1,1,1,1,1,1
bed_0582,1,1,1,1,1,1,1,1,1,1,1,1
bed_0583,1,1,1,1,1,1,1,1,1,1,1,1
bed_0584,1,1,1,1,1,1,1,1,1,1,1,1
bed_0585,1,1,1,1,1,1,1,1,1,1,1,1
bed_0586,1,1,1,1,1,1,1,1,1,1,1,1
bed_0587,1,1,1,1,1,1,1,1,1,1,1,1
bed_0588,1,1,1,1,1,1,1,1,1,1,1,1
bed_0589,1,1,1,1,1,1,1,1,1,1,1,1
bed_0590,1,1,1,1,1,1,1,1,1,1,1,1
bed_0591,1,1,1,1,1,1,1,1,1,1,1,1
bed_0592,1,1,1,1,1,1,1,1,1,1,1,1
bed_0593,1,1,1,1,1,1,1,1,1,1,1,1
bed_0594,1,1,1,1,1,1,1,1,1,1,1,1
bed_0595,1,1,1,1,1,1,1,1,1,1,1,1
bed_0596,1,1,1,1,1,1,1,1,1,1,1,1
bed_0597,0,0,0,1,1,0,0,0,0,0,0,0
bed_0598,0,0,0,0,0,0,0,0,0,0,0,0
bed_0599,1,1,1,1,1,1,1,1,1,1,1,1
bed_0600,1,1,1,1,1,1,1,1,1,1,1,1
bed_0601,1,1,1,1,1,1,1,1,1,1,1,1
bed_0602,1,1,1,1,1,1,1,1,1,1,1,1
bed_0603,1,1,1,1,1,1,1,1,1,1,1,1
bed_0604,1,1,1,1,1,1,1,1,1,1,1,1
bed_0605,0,0,0,0,0,0,0,0,0,1,0,0
bed_0606,1,1,1,1,1,1,1,1,1,1,1,1
bed_0607,1,1,1,1,1,1,1,1,1,1,1,1
bed_0608,1,1,1,1,1,1,1,1,1,1,1,1
bed_0609,1,1,1,1,1,1,1,1,1,1,1,1
bed_0610,1,1,1,1,1,1,1,1,1,1,1,1
bed_0611,1,1,1,1,1,1,1,1,1,1,1,1
bed_0612,1,1,1,1,1,1,1,1,1,1,1,1
bed_0613,1,1,1,1,1,1,1,1,1,1,1,1
bed_0614,1,1,1,1,1,1,1,1,1,1,1,1
bed_0615,1,1,1,1,1,1,1,1,1,1,1,1
bench_0174,0,0,0,0,0,0,0,0,0,0,0,0
bench_0175,0,0,0,0,0,0,0,0,0,0,0,0
bench_0176,1,1,1,1,1,1,1,1,1,1,1,1
bench_0177,1,1,1,1,1,1,1,1,1,1,1,1
bench_0178,0,0,0,0,0,0,0,0,0,0,0,0
bench_0179,0,0,1,1,0,0,0,0,0,1,1,1
bench_0180,0,0,0,0,0,0,0,0,0,0,0,0
bench_0181,0,0,0,0,1,0,0,1,1,1,1,0
bench_0182,0,0,0,0,0,0,0,0,0,0,0,0
bench_0183,0,0,0,0,0,0,0,0,0,0,0,0
bench_0184,0,0,0,0,0,0,0,0,0,0,0,0
bench_0185,0,0,0,0,0,0,0,0,0,0,0,0
bench_0186,1,1,1,1,1,1,1,1,1,1,1,1
bench_0187,0,1,0,1,1,1,0,0,1,1,1,0
bench_0188,0,0,0,0,0,0,0,0,0,0,0,0
bench_0189,1,1,1,1,1,1,1,1,1,1,1,1
bench_0190,1,1,1,1,1,1,1,1,1,1,1,1
bench_0191,1,1,1,1,1,1,1,1,1,1,1,0
bench_0192,0,0,0,0,0,0,0,0,0,0,0,0
bench_0193,0,0,0,0,0,0,0,0,0,0,0,0
bookshelf_0573,1,1,1,1,1,1,1,1,1,1,1,1
bookshelf_0574,1,1,1,1,1,1,1,1,1,1,1,1
bookshelf_0575,1,1,1,1,1,1,1,1,1,1,1,1
bookshelf_0576,1,1,1,1,1,1,1,1,1,1,1,1
bookshelf_0577,1,1,1,1,1,1,1,1,1,1,1,1
bookshelf_0578,1,1,1,1,0,1,0,1,0,0,0,1
bookshelf_0579,1,1,1,1,1,1,1,1,1,1,1,1
bookshelf_0580,1,1,1,1,1,1,1,1,1,1,1,1
bookshelf_0581,1,1,1,1,1,1,1,1,1,1,1,1
bookshelf_0582,1,1,1,1,1,1,1,1,1,1,1,1
bookshelf_0583,1,1,1,1,1,1,1,1,1,1,1,1
bookshelf_0584,1,1,1,1,1,1,1,1,1,1,1,1
bookshelf_0585,1,1,1,1,1,1,1,1,1,1,1,1
bookshelf_0586,1,1,1,1,1,1,1,1,1,1,1,1
bookshelf_0587,1,1,1,1,1,1,1,1,1,1,1,1
bookshelf_0588,1,1,1,1,1,1,1,1,1,1,1,1
bookshelf_0589,1,1,1,1,1,1,1,1,1,1,1,1
bookshelf_0590,1,1,1,1,1,1,1,1,1,1,1,1
bookshelf_0591,1,1,1,1,1,1,1,1,1,1,1,1
bookshelf_0592,1,1,1,1,1,1,1,1,1,1,1,1
bookshelf_0593,1,1,1,1,1,1,1,1,1,1,1,1
bookshelf_0594,1,1,1,1,1,1,1,1,1,1,1,1
bookshelf_0595,1,1,1,1,1,1,1,1,1,1,1,1
bookshelf_0596,1,1,1,1,1,1,1,1,1,1,1,1
bookshelf_0597,1,1,1,1,1,1,1,1,1,1,1,1
bookshelf_0598,1,1,1,1,1,1,1,1,1,1,1,1
bookshelf_0599,1,1,1,1,1,1,1,1,1,1,1,1
bookshelf_0600,1,1,1,1,1,1,1,1,1,1,1,1
bookshelf_0601,1,1,1,1,1,1,1,1,1,1,1,1
bookshelf_0602,1,1,1,1,1,1,1,1,1,1,1,1
bookshelf_0603,1,1,1,1,1,1,1,1,1,1,1,1
bookshelf_0604,1,1,1,1,1,1,1,1,1,1,1,1
bookshelf_0605,1,1,1,1,1,1,1,1,1,1,1,1
bookshelf_0606,1,1,1,1,1,1,1,1,1,1,1,1
bookshelf_0607,1,1,1,1,1,1,1,1,1,1,1,1
bookshelf_0608,1,1,1,1,1,1,1,1,1,1,1,1
bookshelf_0609,1,1,1,1,1,1,1,1,1,1,1,1
bookshelf_0610,1,1,1,1,1,1,1,1,1,1,1,1
bookshelf_0611,1,1,1,1,1,1,1,1,1,1,1,1
bookshelf_0612,1,1,1,1,1,1,1,1,1,1,1,1
bookshelf_0613,1,1,1,1,1,1,1,1,1,1,1,1
bookshelf_0614,1,1,1,1,1,1,1,1,1,1,1,1
bookshelf_0615,1,1,1,1,1,1,1,1,1,1,1,1
bookshelf_0616,1,1,1,1,1,1,1,1,1,1,1,1
bookshelf_0617,1,1,1,1,1,1,1,1,1,1,1,1
bookshelf_0618,1,1,1,1,1,1,1,1,1,1,1,1
bookshelf_0619,1,1,1,1,1,1,1,1,1,1,1,1
bookshelf_0620,1,1,1,1,1,1,1,1,1,1,1,1
bookshelf_0621,1,1,1,1,1,1,1,1,1,1,1,1
bookshelf_0622,1,1,1,1,1,1,1,1,1,1,1,1
bookshelf_0623,1,1,1,1,1,1,1,1,1,1,1,1
bookshelf_0624,1,1,1,1,1,1,1,1,1,1,1,1
bookshelf_0625,1,1,1,1,1,1,1,1,1,1,1,1
bookshelf_0626,1,1,1,1,1,1,1,1,1,1,1,1
bookshelf_0627,1,1,1,1,1,1,1,1,1,1,1,1
bookshelf_0628,1,1,1,1,1,1,1,1,1,1,1,1
bookshelf_0629,1,1,1,1,1,1,1,1,1,1,1,1
bookshelf_0630,1,1,1,1,1,1,1,1,1,1,1,1
bookshelf_0631,1,1,1,1,1,1,1,1,1,1,1,1
bookshelf_0632,1,1,1,1,1,1,1,1,1,1,1,1
bookshelf_0633,1,1,1,1,1,1,1,1,1,1,1,1
bookshelf_0634,1,1,1,1,1,1,1,1,1,1,1,1
bookshelf_0635,1,1,1,1,1,1,1,1,1,1,1,1
bookshelf_0636,1,1,1,1,1,1,1,1,1,1,1,1
bookshelf_0637,1,1,1,1,1,1,1,1,1,1,1,1
bookshelf_0638,1,1,1,1,1,1,1,1,1,1,1,1
bookshelf_0639,1,1,1,1,1,1,1,1,1,1,1,1
bookshelf_0640,0,0,0,0,0,0,0,0,0,0,0,0
bookshelf_0641,1,1,1,1,1,1,1,1,1,1,1,1
bookshelf_0642,1,1,1,1,1,1,1,1,1,1,1,1
bookshelf_0643,1,1,1,1,1,1,1,1,1,1,1,1
bookshelf_0644,1,1,1,1,1,1,1,1,1,1,1,1
bookshelf_0645,1,1,1,1,1,1,1,1,1,1,1,1
bookshelf_0646,1,1,1,1,1,1,1,1,1,1,1,1
bookshelf_0647,1,1,1,1,1,1,1,1,1,1,1,1
bookshelf_0648,1,1,1,1,1,1,1,1,1,1,1,1
bookshelf_0649,1,1,1,1,1,1,1,1,1,1,1,1
bookshelf_0650,1,1,1,1,1,1,1,1,1,1,1,1
bookshelf_0651,1,1,1,1,1,1,1,1,1,1,1,1
bookshelf_0652,1,1,1,1,1,1,1,1,1,1,1,1
bookshelf_0653,1,1,1,1,1,1,1,1,1,1,1,1
bookshelf_0654,1,1,1,1,1,1,1,1,1,1,1,1
bookshelf_0655,1,1,1,1,1,1,1,1,1,1,1,1
bookshelf_0656,1,1,1,1,1,1,1,1,1,1,1,1
bookshelf_0657,1,1,1,1,1,1,1,1,1,1,1,1
bookshelf_0658,1,1,1,0,1,1,1,1,1,1,1,1
bookshelf_0659,1,1,1,1,1,1,1,1,1,1,1,1
bookshelf_0660,1,1,1,1,1,1,1,1,1,1,1,1
bookshelf_0661,1,1,1,1,1,1,1,1,1,1,1,1
bookshelf_0662,1,1,1,1,1,1,1,1,1,1,1,1
bookshelf_0663,1,1,1,1,1,1,1,1,1,1,1,1
bookshelf_0664,1,1,1,1,1,1,1,1,1,1,1,1
bookshelf_0665,1,0,1,0,0,0,0,0,0,0,0,0
bookshelf_0666,1,1,1,1,1,1,1,1,1,1,1,1
bookshelf_0667,1,1,1,1,1,1,1,1,1,1,1,1
bookshelf_0668,1,1,1,1,1,1,1,1,1,1,1,1
bookshelf_0669,1,1,1,1,1,1,1,1,1,1,1,1
bookshelf_0670,1,1,1,1,1,1,1,1,1,1,1,1
bookshelf_0671,1,1,1,1,1,1,1,1,1,1,1,1
bookshelf_0672,1,1,1,1,1,1,1,1,1,1,1,1
bottle_0336,0,0,0,0,0,0,0,0,0,0,0,0
bottle_0337,0,0,0,0,0,0,0,0,0,0,0,0
bottle_0338,0,0,0,0,0,0,0,0,0,0,0,0
bottle_0339,1,1,1,1,1,0,1,1,0,1,1,1
bottle_0340,0,0,0,0,0,0,0,0,0,0,0,0
bottle_0341,0,0,0,0,0,0,0,0,0,0,0,0
bottle_0342,0,0,0,0,0,0,0,0,0,0,0,0
bottle_0343,0,0,0,0,0,0,0,0,0,0,0,0
bottle_0344,0,0,0,0,0,0,0,0,0,0,0,0
bottle_0345,0,0,0,0,0,0,0,0,0,0,0,0
bottle_0346,0,0,0,0,0,0,0,0,0,0,0,0
bottle_0347,0,0,0,0,0,0,0,0,0,0,0,0
bottle_0348,0,0,0,0,0,0,0,0,0,0,0,0
bottle_0349,0,0,0,0,0,0,0,1,0,0,0,0
bottle_0350,0,0,0,0,0,0,0,0,0,0,0,0
bottle_0351,0,0,0,0,0,0,0,0,0,0,0,0
bottle_0352,0,0,0,0,0,0,1,0,0,0,0,0
bottle_0353,0,0,0,0,0,0,0,0,0,0,0,0
bottle_0354,1,0,0,0,0,1,0,1,0,0,1,1
bottle_0355,0,0,0,0,0,0,0,0,0,0,0,0
bottle_0356,0,0,0,0,0,1,0,0,0,0,0,0
bottle_0357,0,0,0,0,0,0,0,0,0,0,0,0
bottle_0358,0,0,0,0,0,0,0,0,0,0,0,0
bottle_0359,0,0,0,0,0,0,0,0,0,0,0,0
bottle_0360,0,0,0,0,0,0,0,0,0,0,0,0
bottle_0361,0,0,0,0,0,0,0,0,0,0,0,0
bottle_0362,0,0,0,0,0,0,0,0,0,0,0,0
bottle_0363,0,0,0,0,0,0,0,0,0,0,0,0
bottle_0364,0,0,0,0,0,0,0,0,0,0,0,0
bottle_0365,0,0,0,0,0,0,0,0,0,0,0,0
bottle_0366,0,0,0,0,0,0,0,0,0,0,0,0
bottle_0367,0,0,0,0,0,0,0,0,0,0,0,0
bottle_0368,0,0,0,0,0,0,0,0,0,0,0,0
bottle_0369,0,0,0,0,0,0,0,0,0,0,0,0
bottle_0370,0,0,0,0,0,0,0,0,0,0,0,0
bottle_0371,0,0,0,0,0,0,0,0,0,0,0,0
bottle_0372,0,0,0,0,0,0,0,0,0,0,0,0
bottle_0373,0,0,0,0,0,0,0,0,0,0,0,0
bottle_0374,0,0,0,0,0,0,0,0,0,0,0,0
bottle_0375,0,0,0,0,0,0,0,0,0,0,0,0
bottle_0376,0,0,0,0,0,0,0,0,0,0,0,0
bottle_0377,0,0,0,0,0,0,0,0,0,0,0,1
bottle_0378,0,0,0,0,0,0,0,0,0,0,0,0
bottle_0379,0,0,0,0,0,0,0,0,0,0,0,0
bottle_0380,0,0,0,0,0,0,0,0,0,0,0,0
bottle_0381,0,0,0,0,0,0,0,0,0,0,0,0
bottle_0382,0,0,0,0,0,0,0,0,0,0,0,0
bottle_0383,0,0,0,0,0,0,0,0,0,0,0,0
bottle_0384,0,0,0,0,0,0,0,0,0,0,0,0
bottle_0385,0,0,0,0,0,0,0,0,0,0,0,0
bottle_0386,0,0,0,0,0,0,0,0,0,0,0,0
bottle_0387,0,0,0,0,0,0,0,0,0,0,0,0
bottle_0388,0,0,0,0,0,0,0,0,0,0,0,0
bottle_0389,1,0,0,0,0,1,1,1,0,0,0,1
bottle_0390,0,0,0,0,0,0,0,0,0,0,0,0
bottle_0391,0,0,0,0,0,0,0,0,0,0,0,0
bottle_0392,0,0,0,0,0,0,0,0,0,0,0,0
bottle_0393,0,0,0,0,0,0,0,0,0,0,0,0
bottle_0394,0,0,1,0,0,1,0,0,0,0,1,0
bottle_0395,0,0,0,0,0,0,0,0,0,0,0,0
bottle_0396,0,0,0,0,0,0,0,0,0,0,0,0
bottle_0397,0,0,0,0,0,0,0,0,0,0,0,0
bottle_0398,0,0,0,0,0,0,0,0,0,0,0,0
bottle_0399,0,0,0,0,0,0,0,0,0,0,0,0
bottle_0400,0,0,0,0,0,0,0,0,0,0,0,0
bottle_0401,0,0,0,0,0,0,0,0,0,0,0,0
bottle_0402,0,0,0,0,0,0,0,0,0,0,0,0
bottle_0403,1,0,1,0,0,0,1,0,0,0,1,0
bottle_0404,0,0,0,0,0,0,0,0,0,0,0,0
bottle_0405,0,0,0,0,0,0,0,0,0,0,0,0
bottle_0406,0,0,1,0,0,0,1,1,0,0,1,1
bottle_0407,0,0,0,0,0,0,0,0,0,0,0,0
bottle_0408,0,0,0,0,0,0,0,0,0,0,0,0
bottle_0409,0,0,0,0,0,0,0,0,0,0,0,0
bottle_0410,0,0,0,0,0,0,0,0,0,0,0,0
bottle_0411,0,0,0,0,0,0,0,0,0,0,0,0
bottle_0412,0,0,0,0,0,0,0,0,0,0,0,0
bottle_0413,0,0,0,0,0,0,0,0,0,0,0,0
bottle_0414,0,0,0,0,0,0,0,0,0,0,0,0
bottle_0415,0,0,0,0,0,0,0,0,0,0,0,0
bottle_0416,0,0,0,0,0,0,0,0,0,0,0,0
bottle_0417,0,0,0,0,0,0,0,0,0,0,0,0
bottle_0418,0,0,0,0,0,0,0,0,0,0,0,0
bottle_0419,0,0,0,0,0,0,0,0,0,0,0,0
bottle_0420,0,0,0,0,0,0,0,0,0,0,0,0
bottle_0421,0,0,0,0,0,0,0,0,0,0,0,0
bottle_0422,0,0,0,0,0,0,0,0,0,0,0,0
bottle_0423,0,0,0,0,0,0,0,0,0,0,0,0
bottle_0424,0,0,0,0,0,0,0,0,0,0,0,0
bottle_0425,0,0,0,0,0,0,0,0,0,0,0,0
bottle_0426,0,0,0,0,0,0,0,0,0,0,0,0
bottle_0427,0,0,0,0,0,0,0,0,0,0,0,0
bottle_0428,0,0,0,0,0,0,0,0,0,0,0,0
bottle_0429,0,0,0,0,0,0,0,0,0,0,0,0
bottle_0430,0,0,0,0,0,0,0,0,0,0,0,0
bottle_0431,0,0,0,0,0,0,0,0,0,0,0,0
bottle_0432,0,0,0,0,0,0,0,0,0,0,0,0
bottle_0433,0,0,0,0,0,0,0,0,0,0,0,0
bottle_0434,0,0,0,0,0,0,0,0,0,0,0,0
bottle_0435,0,0,0,0,0,0,0,0,0,0,0,0
bowl_0065,1,1,1,1,1,1,1,1,1,1,1,1
bowl_0066,0,0,0,0,0,0,0,0,0,0,0,0
bowl_0067,0,0,0,0,0,0,0,0,0,0,0,0
bowl_0068,1,1,1,1,1,1,1,1,1,1,1,1
bowl_0069,1,1,1,1,1,1,1,1,1,1,1,1
bowl_0070,0,1,1,0,1,1,1,0,0,1,0,0
bowl_0071,1,1,1,1,1,1,1,1,1,1,1,1
bowl_0072,1,1,1,1,1,0,1,1,1,1,1,1
bowl_0073,1,1,1,1,1,1,1,1,1,1,1,1
bowl_0074,0,0,1,0,0,0,0,0,0,0,0,0
bowl_0075,1,1,0,1,1,1,1,1,1,1,0,1
bowl_0076,0,0,0,0,0,0,0,0,0,0,0,0
bowl_0077,1,1,1,1,1,1,1,1,1,1,1,1
bowl_0078,0,0,0,0,0,0,0,0,0,0,0,0
bowl_0079,1,1,1,1,1,1,1,1,1,1,1,1
bowl_0080,1,1,1,1,1,1,1,1,1,1,1,1
bowl_0081,1,1,1,1,1,1,1,1,1,1,1,1
bowl_0082,0,1,1,1,1,1,1,1,1,1,1,1
bowl_0083,1,1,1,1,1,1,1,1,1,1,1,1
bowl_0084,1,1,1,1,1,0,0,1,0,0,0,1
car_0198,0,0,0,0,0,0,0,0,0,0,0,0
car_0199,1,1,1,1,1,1,1,1,1,1,1,1
car_0200,1,1,1,1,1,1,1,1,1,1,1,1
car_0201,1,1,1,1,1,1,1,1,1,1,1,1
car_0202,1,1,1,1,1,1,1,1,1,1,1,1
car_0203,0,0,0,0,0,0,0,0,0,0,0,0
car_0204,0,0,0,0,0,0,0,0,0,0,0,0
car_0205,0,0,0,0,0,0,0,0,0,0,0,0
car_0206,1,1,1,1,1,1,1,1,1,1,1,1
car_0207,0,0,0,0,0,0,0,0,0,0,0,0
car_0208,0,0,0,0,0,0,0,0,0,0,0,0
car_0209,0,0,0,0,0,0,0,0,0,0,0,0
car_0210,1,1,1,1,1,1,1,1,1,1,1,1
car_0211,1,1,1,1,1,1,1,1,1,1,1,1
car_0212,1,1,1,1,1,1,1,1,1,1,1,1
car_0213,0,0,0,0,0,0,0,0,0,0,0,0
car_0214,1,1,1,1,1,1,1,1,1,1,1,1
car_0215,1,1,1,1,1,1,1,1,1,1,1,1
car_0216,1,1,1,1,1,1,1,1,1,1,1,1
car_0217,1,1,1,1,1,1,1,1,1,1,1,1
car_0218,1,1,1,1,1,1,1,1,1,1,1,1
car_0219,1,1,1,1,1,1,1,1,1,1,1,1
car_0220,0,0,0,1,0,0,0,0,0,1,0,0
car_0221,1,1,1,1,1,1,1,1,1,1,1,1
car_0222,0,0,0,0,0,0,0,0,0,0,0,0
car_0223,1,1,1,1,1,1,1,1,1,1,1,1
car_0224,1,1,1,1,1,1,1,1,1,1,1,1
car_0225,0,0,0,0,0,0,0,0,0,0,0,0
car_0226,1,1,1,1,1,1,1,1,1,1,1,1
car_0227,1,1,1,1,1,1,1,1,1,1,1,1
car_0228,0,0,0,0,0,0,0,0,0,0,0,0
car_0229,0,0,0,0,0,0,0,0,0,0,0,0
car_0230,0,0,0,0,0,0,0,0,0,0,0,0
car_0231,0,0,0,0,0,0,0,0,0,0,0,0
car_0232,0,0,0,0,0,0,0,0,0,0,0,0
car_0233,1,1,1,1,1,1,1,1,1,1,1,1
car_0234,1,1,1,1,1,1,1,1,1,1,1,1
car_0235,1,1,1,1,1,1,1,1,1,1,1,1
car_0236,1,1,1,1,1,1,1,1,1,1,1,1
car_0237,1,1,1,1,1,1,1,1,1,1,1,1
car_0238,1,1,1,1,1,1,1,1,1,1,1,1
car_0239,1,1,1,1,1,1,1,1,1,1,1,1
car_0240,0,0,0,1,1,0,0,0,0,1,0,1
car_0241,0,0,0,0,0,0,0,0,0,0,0,0
car_0242,1,1,1,1,1,1,1,1,1,1,1,1
car_0243,0,0,0,0,0,0,0,0,0,0,0,0
car_0244,0,0,0,0,0,0,0,0,0,0,0,0
car_0245,0,0,0,0,0,0,0,0,0,0,0,0
car_0246,1,1,1,1,1,1,1,1,1,1,1,1
car_0247,0,0,0,0,0,0,0,0,0,0,0,0
car_0248,0,0,0,0,0,0,0,0,0,0,0,0
car_0249,1,1,1,1,1,1,1,1,1,1,1,1
car_0250,1,1,1,1,1,1,1,1,1,1,1,1
car_0251,0,0,0,0,0,0,0,0,0,0,0,0
car_0252,1,1,1,1,1,1,1,1,1,1,1,1
car_0253,0,0,0,0,0,0,0,0,0,0,0,0
car_0254,1,1,1,1,1,1,1,1,1,1,1,1
car_0255,1,1,1,1,1,1,1,1,1,1,1,1
car_0256,0,0,0,0,0,0,0,0,0,0,0,0
car_0257,0,0,0,0,0,0,0,0,0,0,0,0
car_0258,0,0,0,0,0,0,0,0,0,0,0,0
car_0259,0,0,0,0,0,0,0,0,0,0,0,0
car_0260,1,1,1,1,1,1,1,1,1,1,1,1
car_0261,0,0,0,0,0,0,0,0,0,0,0,0
car_0262,0,1,0,0,0,0,0,0,0,0,0,0
car_0263,1,1,1,1,1,1,1,1,1,1,1,1
car_0264,0,0,0,0,0,0,0,0,0,0,0,0
car_0265,1,1,1,1,1,1,1,1,1,1,1,1
car_0266,1,1,1,1,1,1,1,1,1,1,1,1
car_0267,1,1,1,1,1,1,1,1,1,1,1,1
car_0268,1,1,1,1,1,1,1,1,1,1,1,1
car_0269,1,1,1,1,1,1,1,1,1,1,1,1
car_0270,0,0,0,0,0,0,0,0,0,0,0,0
car_0271,1,1,1,1,1,1,1,1,1,1,1,1
car_0272,1,1,1,1,1,1,1,1,1,1,1,1
car_0273,1,1,1,1,1,1,1,1,1,1,1,1
car_0274,0,1,1,1,0,1,1,1,1,1,1,1
car_0275,1,1,1,1,1,1,1,1,1,1,1,1
car_0276,1,1,1,1,1,1,1,1,1,1,1,1
car_0277,1,1,1,1,1,1,1,1,1,1,1,1
car_0278,1,1,1,1,1,1,1,1,1,1,1,1
car_0279,1,1,1,1,1,1,1,1,1,1,1,1
car_0280,0,0,0,0,0,0,0,0,0,0,0,0
car_0281,0,0,0,0,0,0,0,0,0,0,0,0
car_0282,0,0,0,0,0,0,0,0,0,0,0,0
car_0283,1,1,1,1,1,1,1,1,1,1,1,1
car_0284,0,0,0,0,0,0,0,0,0,0,0,0
car_0285,0,0,0,0,0,0,0,0,0,0,0,0
car_0286,0,0,0,0,0,0,0,0,0,0,0,0
car_0287,1,1,1,1,1,1,1,1,1,1,1,1
car_0288,0,0,0,0,0,0,0,0,0,0,0,0
car_0289,1,1,1,1,1,1,1,1,1,1,1,1
car_0290,0,0,0,0,0,0,0,0,0,0,0,0
car_0291,1,1,1,1,1,1,1,1,1,1,1,1
car_0292,1,1,1,1,1,1,1,1,1,1,1,1
car_0293,0,0,0,0,0,0,0,0,0,0,0,0
car_0294,1,1,1,1,1,1,1,1,1,1,1,1
car_0295,0,0,0,1,0,0,0,0,0,0,0,0
car_0296,0,0,0,0,0,0,0,0,0,0,0,0
car_0297,1,1,1,1,1,1,1,1,1,1,1,1
chair_0890,1,1,1,1,1,1,1,1,1,1,1,1
chair_0891,1,1,1,1,1,1,1,1,1,1,1,1
chair_0892,1,1,1,1,1,1,1,1,1,1,1,1
chair_0893,1,1,1,1,1,1,1,1,1,1,1,1
chair_0894,1,1,1,1,1,1,1,1,1,1,1,1
chair_0895,1,1,1,1,1,1,1,1,1,1,1,1
chair_0896,1,1,1,1,1,1,1,1,1,1,1,1
chair_0897,1,1,1,1,1,1,1,1,1,1,1,1
chair_0898,1,1,1,1,1,1,1,1,1,1,1,1
chair_0899,1,1,1,1,1,1,1,1,1,1,1,1
chair_0900,1,1,1,1,1,1,1,1,1,1,1,1
chair_0901,1,1,1,1,1,1,1,1,1,1,1,1
chair_0902,1,1,1,1,1,1,1,1,1,1,1,1
chair_0903,1,1,1,1,1,1,1,1,1,1,1,1
chair_0904,1,1,1,1,1,1,1,1,1,1,1,1
chair_0905,1,1,1,1,1,1,1,1,1,1,1,1
chair_0906,1,1,1,1,1,1,1,1,1,1,1,1
chair_0907,1,1,1,1,1,1,1,1,1,1,1,1
chair_0908,1,1,1,1,1,1,1,1,1,1,1,1
chair_0909,1,1,1,1,1,1,1,1,1,1,1,1
chair_0910,1,1,1,1,1,1,1,1,1,1,1,1
chair_0911,1,1,1,1,1,1,1,1,1,1,1,1
chair_0912,1,1,1,1,1,1,1,1,1,1,1,1
chair_0913,1,1,1,1,1,1,1,1,1,1,1,1
chair_0914,1,1,1,1,1,1,1,1,1,1,1,1
chair_0915,1,1,1,1,1,1,1,1,1,1,1,1
chair_0916,1,1,1,1,1,1,1,1,1,1,1,1
chair_0917,1,1,1,1,1,1,1,1,1,1,1,1
chair_0918,1,1,1,1,1,1,1,1,1,1,1,1
chair_0919,1,1,1,1,1,1,1,1,1,1,1,1
chair_0920,0,0,0,0,0,0,0,0,0,0,0,0
chair_0921,1,1,1,1,1,1,1,1,1,1,1,1
chair_0922,1,1,1,1,1,1,1,1,1,1,1,1
chair_0923,1,1,1,1,1,1,1,1,1,1,1,1
chair_0924,1,1,1,1,1,1,1,1,1,1,1,1
chair_0925,1,1,1,1,1,1,1,1,1,1,1,1
chair_0926,1,1,1,1,1,1,1,1,1,1,1,1
chair_0927,1,1,1,1,1,1,1,1,1,1,1,1
chair_0928,1,1,1,1,1,1,1,1,1,1,1,1
chair_0929,1,1,1,1,1,1,1,1,1,1,1,1
chair_0930,1,1,1,1,1,1,1,1,1,1,1,1
chair_0931,1,1,1,1,1,1,1,1,1,1,1,1
chair_0932,1,1,1,1,1,1,1,1,1,1,1,1
chair_0933,1,1,1,1,1,1,1,1,1,1,1,1
chair_0934,1,1,1,1,1,1,1,1,1,1,1,1
chair_0935,1,1,1,1,1,1,1,1,1,1,1,1
chair_0936,1,1,1,1,1,1,1,1,1,1,1,1
chair_0937,1,1,1,1,1,1,1,1,1,1,1,1
chair_0938,1,1,1,1,1,1,1,1,1,1,1,1
chair_0939,1,1,1,1,1,1,1,1,1,1,1,1
chair_0940,1,1,1,1,1,1,1,1,1,1,1,1
chair_0941,1,1,1,1,1,1,1,1,1,1,1,1
chair_0942,1,1,1,1,1,1,1,1,1,1,1,1
chair_0943,1,1,1,1,1,1,1,1,1,1,1,1
chair_0944,1,1,1,1,1,1,1,1,1,1,1,1
chair_0945,1,1,1,1,1,1,1,1,1,1,1,1
chair_0946,1,1,1,1,1,1,1,1,1,1,1,1
chair_0947,1,1,1,1,1,1,1,1,1,1,1,1
chair_0948,1,1,1,1,1,1,1,1,1,1,1,1
chair_0949,1,1,1,1,1,1,1,1,1,1,1,1
chair_0950,1,1,1,1,1,1,1,1,1,1,1,1
chair_0951,1,1,1,1,1,1,1,1,1,1,1,1
chair_0952,1,1,1,1,1,1,1,1,1,1,1,1
chair_0953,1,1,1,1,1,1,1,1,1,1,1,1
chair_0954,1,1,1,1,1,1,1,1,1,1,1,1
chair_0955,1,1,1,1,1,1,1,1,1,1,1,1
chair_0956,1,1,1,1,1,1,1,1,1,1,1,1
chair_0957,1,1,1,1,1,1,1,1,1,1,1,1
chair_0958,1,1,1,1,1,1,1,1,1,1,1,1
chair_0959,1,1,1,1,1,1,1,1,1,1,1,1
chair_0960,1,1,1,1,1,1,1,1,1,1,1,1
chair_0961,1,1,1,1,1,1,1,1,1,1,1,1
chair_0962,1,1,1,1,1,1,1,1,1,1,1,1
chair_0963,1,1,1,1,1,1,1,1,1,1,1,1
chair_0964,1,1,1,1,1,1,1,1,1,1,1,1
chair_0965,1,1,1,1,1,1,1,1,1,1,1,1
chair_0966,1,1,1,1,1,1,1,1,1,1,1,1
chair_0967,1,1,1,1,1,1,1,1,1,1,1,1
chair_0968,1,1,1,1,1,1,1,1,1,1,1,1
chair_0969,1,1,1,1,1,1,1,1,1,1,1,1
chair_0970,1,1,1,1,1,1,1,1,1,1,1,1
chair_0971,1,1,1,1,1,1,1,1,1,1,1,1
chair_0972,1,1,1,1,1,1,1,1,1,1,1,1
chair_0973,1,1,1,1,1,1,1,1,1,1,1,1
chair_0974,1,1,1,1,1,1,1,1,1,1,1,1
chair_0975,1,1,1,1,1,1,1,1,1,1,1,1
chair_0976,1,1,1,1,1,1,1,1,1,1,1,1
chair_0977,1,1,1,1,1,1,1,1,1,1,1,1
chair_0978,1,1,1,1,1,1,1,1,1,1,1,1
chair_0979,1,1,1,1,1,1,1,1,1,1,1,1
chair_0980,1,1,1,1,1,1,1,1,1,1,1,1
chair_0981,1,1,1,1,1,1,1,1,1,1,1,1
chair_0982,1,1,1,1,1,1,1,1,1,1,1,1
chair_0983,1,1,1,1,1,1,1,1,1,1,1,1
chair_0984,1,1,1,1,1,1,1,1,1,1,1,1
chair_0985,1,1,1,1,1,1,1,1,1,1,1,1
chair_0986,1,1,1,1,1,1,1,1,1,1,1,1
chair_0987,1,1,1,1,1,1,1,1,1,1,1,1
chair_0988,1,1,1,1,1,1,1,1,1,1,1,1
chair_0989,1,1,1,1,1,1,1,1,1,1,1,1
cone_0168,0,0,0,0,0,0,0,0,0,0,0,0
cone_0169,0,0,0,0,0,0,0,0,0,0,0,0
cone_0170,0,0,0,0,0,0,0,0,0,0,0,0
cone_0171,0,0,0,0,0,0,0,0,0,0,0,0
cone_0172,0,0,0,0,0,0,0,0,0,0,0,0
cone_0173,0,0,0,0,0,0,0,0,0,0,0,0
cone_0174,0,0,0,0,0,0,0,0,0,0,0,0
cone_0175,0,0,0,0,0,0,0,0,0,0,0,0
cone_0176,0,0,0,0,0,0,0,0,0,0,0,0
cone_0177,0,0,0,0,0,0,0,0,0,0,0,0
cone_0178,0,0,0,0,0,0,0,0,0,0,0,0
cone_0179,0,0,0,0,0,0,0,0,1,0,0,0
cone_0180,0,0,0,0,0,0,0,0,0,0,0,0
cone_0181,0,0,0,0,0,0,0,0,0,0,0,0
cone_0182,0,0,0,0,0,0,0,0,0,0,0,0
cone_0183,0,0,0,0,0,0,0,0,0,0,0,0
cone_0184,0,0,0,0,0,0,0,0,0,0,0,1
cone_0185,0,0,0,0,0,0,0,0,0,0,0,0
cone_0186,0,0,0,0,0,0,0,0,0,0,0,0
cone_0187,0,0,0,0,0,0,0,0,0,0,0,0
cup_0080,1,0,0,0,0,0,0,0,0,0,0,0
cup_0081,0,0,0,0,0,0,0,0,0,0,0,0
cup_0082,0,0,0,0,0,0,0,0,0,0,0,0
cup_0083,0,0,0,0,0,0,0,0,0,0,0,0
cup_0084,0,0,0,0,0,0,0,0,0,0,0,0
cup_0085,0,0,0,0,0,0,0,0,0,0,0,0
cup_0086,0,0,0,0,0,0,0,0,0,0,0,0
cup_0087,0,0,0,0,0,0,0,0,0,0,0,0
cup_0088,0,0,0,0,0,0,0,0,0,0,0,0
cup_0089,1,0,0,0,0,0,0,0,0,0,0,0
cup_0090,0,0,0,0,0,0,0,0,0,0,0,0
cup_0091,1,1,1,1,1,1,1,1,1,1,1,1
cup_0092,0,0,0,0,0,0,0,0,0,0,0,0
cup_0093,0,0,0,0,0,0,0,0,0,0,0,0
cup_0094,1,1,1,1,1,1,1,1,1,1,1,1
cup_0095,0,0,0,0,0,0,0,0,0,0,0,0
cup_0096,0,0,0,0,0,0,1,0,0,1,1,0
cup_0097,0,0,0,0,0,0,0,0,0,0,0,0
cup_0098,1,1,1,1,1,1,1,1,1,1,1,1
cup_0099,0,0,0,0,0,0,0,0,0,0,0,0
curtain_0139,0,0,0,0,0,0,0,0,0,0,0,0
curtain_0140,0,0,0,0,0,0,0,0,0,0,0,0
curtain_0141,0,0,0,0,0,0,0,0,0,0,0,0
curtain_0142,0,0,0,0,0,0,0,0,0,0,0,0
curtain_0143,0,0,0,0,0,0,0,0,0,0,0,0
curtain_0144,0,0,0,0,0,0,0,0,0,0,0,0
curtain_0145,1,1,1,1,1,1,1,1,1,1,1,1
curtain_0146,0,0,0,0,0,0,0,0,0,0,0,0
curtain_0147,1,1,1,1,1,1,1,1,1,1,1,1
curtain_0148,0,0,0,0,0,0,0,0,0,0,0,0
curtain_0149,0,0,0,0,0,0,0,0,0,0,0,0
curtain_0150,1,1,0,0,1,1,1,0,1,1,1,1
curtain_0151,1,1,1,1,1,1,1,1,1,1,1,1
curtain_0152,1,1,1,1,1,1,1,1,1,1,1,1
curtain_0153,0,1,1,1,1,1,1,1,1,1,1,1
curtain_0154,0,0,0,0,0,0,0,0,0,0,0,0
curtain_0155,0,0,0,0,0,0,0,0,0,0,0,0
curtain_0156,0,0,0,0,0,0,0,0,0,0,0,0
curtain_0157,1,1,1,1,1,1,1,1,1,1,1,1
curtain_0158,0,0,0,0,0,0,0,0,0,0,0,0
door_0110,0,0,0,0,0,0,0,0,0,0,0,0
door_0111,0,0,0,0,0,0,0,0,0,0,0,0
door_0112,0,0,0,0,0,0,0,0,0,0,0,0
door_0113,0,0,0,0,1,0,0,0,0,0,1,0
door_0114,1,1,1,1,1,1,1,0,1,1,1,1
door_0115,0,0,0,0,0,0,0,0,0,0,0,0
door_0116,0,0,0,0,0,0,0,0,0,0,0,0
door_0117,1,1,1,1,1,0,1,1,1,1,1,1
door_0118,0,0,0,0,0,0,0,0,0,0,0,0
door_0119,0,0,0,0,0,0,0,0,0,0,0,0
door_0120,1,1,1,1,0,0,1,1,0,1,1,0
door_0121,0,0,0,0,0,0,0,0,0,0,0,0
door_0122,0,0,0,0,0,0,0,0,0,0,0,0
door_0123,0,0,0,0,0,0,0,0,0,0,0,0
door_0124,0,0,0,0,0,0,0,0,0,0,0,0
door_0125,0,0,0,0,0,0,0,0,0,0,0,0
door_0126,1,1,1,1,1,1,1,1,0,1,1,1
door_0127,0,0,0,0,0,0,0,0,0,0,0,0
door_0128,1,0,0,1,0,1,1,1,1,0,1,0
door_0129,0,0,0,0,0,0,0,0,0,0,0,0
flower_pot_0150,0,0,0,0,0,0,0,0,0,0,0,0
flower_pot_0151,0,0,0,0,0,0,0,0,0,0,0,0
flower_pot_0152,0,0,0,0,0,0,0,0,0,0,0,0
flower_pot_0153,0,0,0,0,0,0,0,0,0,0,0,0
flower_pot_0154,0,0,0,0,0,0,0,0,0,0,0,0
flower_pot_0155,0,0,0,0,0,0,0,0,0,0,0,0
flower_pot_0156,0,0,0,0,0,0,0,0,0,0,0,0
flower_pot_0157,0,0,0,0,0,0,0,0,0,0,0,0
flower_pot_0158,0,0,0,0,0,0,0,0,0,0,0,0
flower_pot_0159,0,0,0,0,0,0,0,0,0,0,0,0
flower_pot_0160,0,0,0,0,0,0,0,0,0,0,0,0
flower_pot_0161,0,0,0,0,0,0,0,0,0,0,0,0
flower_pot_0162,0,0,0,0,0,0,0,0,0,0,0,0
flower_pot_0163,0,0,0,0,0,0,0,0,0,0,0,0
flower_pot_0164,0,0,0,0,0,0,0,0,0,0,0,0
flower_pot_0165,0,0,0,0,0,0,0,0,0,0,0,0
flower_pot_0166,0,0,0,0,0,0,0,0,0,0,0,0
flower_pot_0167,0,0,0,0,0,0,0,0,0,0,0,0
flower_pot_0168,0,0,0,0,0,0,0,0,0,0,0,0
flower_pot_0169,0,0,0,0,0,0,0,0,0,0,0,0
glass_box_0172,1,1,1,1,1,1,1,1,1,1,1,1
glass_box_0173,1,1,1,1,1,1,1,1,1,1,1,1
glass_box_0174,1,1,1,1,1,1,1,1,1,1,1,1
glass_box_0175,1,1,1,1,1,1,1,1,1,1,1,1
glass_box_0176,1,1,1,1,1,1,1,1,1,1,1,1
glass_box_0177,1,1,1,1,1,1,1,1,1,1,1,1
glass_box_0178,1,1,1,1,1,1,1,1,1,1,1,1
glass_box_0179,0,0,0,0,0,0,0,0,0,0,0,0
glass_box_0180,0,0,0,0,0,0,0,0,0,0,0,0
glass_box_0181,1,1,1,1,1,1,1,1,1,1,1,1
glass_box_0182,0,0,0,0,0,0,0,0,0,0,0,0
glass_box_0183,1,1,1,1,1,1,1,1,1,1,1,1
glass_box_0184,1,1,1,0,0,1,1,1,0,1,0,1
glass_box_0185,1,1,1,0,0,1,1,1,0,1,0,1
glass_box_0186,0,0,0,0,0,0,0,0,0,0,0,0
glass_box_0187,0,0,0,0,0,0,0,0,0,0,0,0
glass_box_0188,0,0,0,0,0,0,0,0,0,0,0,0
glass_box_0189,1,1,1,1,1,1,1,1,1,1,1,1
glass_box_0190,1,1,1,1,1,1,1,1,1,1,1,1
glass_box_0191,1,1,1,1,1,1,1,1,1,1,1,1
glass_box_0192,1,1,1,0,0,1,1,1,1,1,1,1
glass_box_0193,0,0,0,0,0,0,0,0,0,0,0,0
glass_box_0194,1,1,1,1,1,1,1,1,1,1,1,1
glass_box_0195,1,1,1,1,1,1,1,1,1,1,1,1
glass_box_0196,0,0,0,0,0,0,0,0,0,0,0,0
glass_box_0197,0,0,0,0,0,0,0,0,0,0,0,0
glass_box_0198,0,0,0,0,0,0,0,0,0,0,0,0
glass_box_0199,0,0,0,0,0,0,0,0,0,0,0,0
glass_box_0200,1,0,1,1,1,1,1,1,1,1,1,1
glass_box_0201,1,1,1,1,1,1,1,1,1,1,1,1
glass_box_0202,0,0,0,0,0,0,0,0,0,0,0,0
glass_box_0203,1,1,1,1,1,1,1,1,1,1,1,1
glass_box_0204,1,1,1,1,1,1,1,1,1,1,1,1
glass_box_0205,1,1,1,1,1,1,1,1,1,1,1,1
glass_box_0206,1,1,1,1,1,1,1,1,1,1,1,1
glass_box_0207,1,1,1,1,1,1,1,1,1,1,1,1
glass_box_0208,1,1,1,1,1,1,1,1,1,1,1,1
glass_box_0209,1,1,1,1,1,1,1,1,1,1,1,1
glass_box_0210,1,1,1,1,1,1,1,1,1,1,1,1
glass_box_0211,1,1,1,1,1,1,1,1,1,1,1,1
glass_box_0212,1,1,1,1,1,1,1,1,1,1,1,1
glass_box_0213,1,1,1,1,1,1,1,1,1,1,1,1
glass_box_0214,1,1,1,1,1,1,1,1,1,1,1,1
glass_box_0215,0,1,0,0,0,0,0,0,0,1,0,1
glass_box_0216,0,0,0,0,0,0,0,0,0,0,0,0
glass_box_0217,0,0,0,0,0,0,0,0,0,0,0,0
glass_box_0218,1,1,1,1,1,1,1,1,1,1,1,1
glass_box_0219,1,1,1,1,1,1,1,1,1,1,1,1
glass_box_0220,1,1,1,1,1,1,1,1,1,1,1,1
glass_box_0221,1,1,1,1,1,1,1,1,1,1,1,1
glass_box_0222,0,0,0,0,0,0,0,0,0,0,0,0
glass_box_0223,1,1,1,1,1,1,1,1,1,1,1,1
glass_box_0224,1,1,1,1,1,1,1,1,1,1,1,1
glass_box_0225,0,0,0,0,0,0,0,0,0,0,0,0
glass_box_0226,1,1,1,1,1,1,1,1,1,1,1,1
glass_box_0227,1,1,1,1,1,1,1,1,1,1,1,1
glass_box_0228,1,1,1,1,1,1,1,1,1,1,1,1
glass_box_0229,1,1,1,1,1,1,1,1,1,1,1,1
glass_box_0230,1,1,1,1,1,1,1,1,1,1,1,1
glass_box_0231,1,1,1,1,1,1,1,1,1,1,1,1
glass_box_0232,1,1,1,1,1,1,1,1,1,1,1,1
glass_box_0233,1,1,1,1,1,1,1,1,1,1,1,1
glass_box_0234,1,1,1,1,1,1,1,1,1,1,1,1
glass_box_0235,1,1,1,1,1,1,1,1,1,1,1,1
glass_box_0236,1,1,1,1,1,1,1,1,1,1,1,1
glass_box_0237,0,0,0,0,0,0,0,0,0,0,0,0
glass_box_0238,1,1,1,1,1,1,1,1,1,1,1,1
glass_box_0239,1,1,1,1,1,1,1,1,1,1,1,1
glass_box_0240,1,1,1,1,1,1,1,1,1,1,1,1
glass_box_0241,1,1,1,1,1,1,1,1,1,1,1,1
glass_box_0242,1,1,1,1,1,1,1,1,1,1,1,1
glass_box_0243,0,0,0,0,0,0,0,0,0,0,0,0
glass_box_0244,1,1,1,1,1,1,1,1,1,1,1,1
glass_box_0245,1,1,1,1,1,1,1,1,1,1,1,1
glass_box_0246,1,1,1,1,1,1,1,1,1,1,1,1
glass_box_0247,1,1,1,1,1,1,1,1,1,1,1,1
glass_box_0248,1,1,1,1,1,1,1,1,1,1,1,1
glass_box_0249,0,0,0,0,0,0,0,0,0,0,0,0
glass_box_0250,1,1,1,1,1,1,1,1,1,1,1,1
glass_box_0251,0,0,0,0,0,0,0,0,0,0,0,0
glass_box_0252,1,1,1,1,1,1,1,1,1,1,1,1
glass_box_0253,1,1,1,1,1,1,1,1,1,1,1,1
glass_box_0254,1,1,1,1,1,1,1,1,1,1,1,1
glass_box_0255,0,0,0,1,0,0,0,1,0,1,0,0
glass_box_0256,0,0,0,0,0,0,0,0,0,0,0,0
glass_box_0257,1,1,1,1,1,1,1,1,1,1,1,1
glass_box_0258,1,1,1,1,1,1,1,1,1,1,1,1
glass_box_0259,1,1,1,1,1,1,1,1,1,1,1,1
glass_box_0260,1,1,1,1,1,1,1,1,1,1,1,1
glass_box_0261,1,1,1,1,1,1,1,1,1,1,1,1
glass_box_0262,1,1,1,1,1,1,1,1,1,1,1,1
glass_box_0263,1,1,1,1,1,1,1,1,1,1,1,1
glass_box_0264,0,0,0,0,0,0,0,0,0,0,0,0
glass_box_0265,0,0,0,0,0,0,0,0,0,0,0,0
glass_box_0266,1,1,1,1,1,1,1,1,1,1,1,1
glass_box_0267,0,0,0,0,0,0,0,0,0,0,0,0
glass_box_0268,1,1,1,1,1,1,1,1,1,1,1,1
glass_box_0269,1,1,1,1,1,1,1,1,1,1,1,1
glass_box_0270,1,1,1,1,1,1,1,1,1,1,1,1
glass_box_0271,0,0,0,0,0,0,0,0,0,0,0,0
guitar_0156,0,0,0,0,0,0,0,0,0,0,0,0
guitar_0157,0,0,0,0,0,0,0,0,0,0,0,0
guitar_0158,0,0,0,0,0,0,0,0,0,0,0,0
guitar_0159,1,1,1,1,1,1,0,1,1,1,1,1
guitar_0160,1,1,1,1,1,1,1,1,1,1,1,1
guitar_0161,0,0,0,0,0,0,0,0,0,0,0,0
guitar_0162,0,0,0,0,0,0,0,0,0,0,0,0
guitar_0163,0,0,0,0,0,0,0,0,0,0,0,0
guitar_0164,0,0,0,0,0,0,0,0,0,0,0,0
guitar_0165,0,0,0,0,0,0,0,0,0,0,0,0
guitar_0166,0,0,0,0,0,0,0,0,0,0,0,0
guitar_0167,0,0,0,0,0,0,0,0,0,0,0,0
guitar_0168,0,0,0,0,0,0,0,0,0,0,0,0
guitar_0169,0,0,0,0,0,0,0,0,0,0,0,0
guitar_0170,0,0,0,0,0,0,0,0,0,0,0,0
guitar_0171,0,0,0,0,0,0,0,0,0,0,0,0
guitar_0172,0,0,0,0,0,0,0,0,0,0,0,0
guitar_0173,0,0,0,0,0,0,0,0,0,0,0,0
guitar_0174,1,1,1,1,1,1,1,1,1,1,1,1
guitar_0175,0,0,0,1,0,0,0,0,0,0,0,0
guitar_0176,1,1,1,1,1,1,1,1,1,1,1,1
guitar_0177,1,1,1,1,1,1,1,1,1,1,1,1
guitar_0178,0,0,0,0,0,0,0,0,0,0,0,0
guitar_0179,0,0,0,0,0,0,0,0,0,0,0,0
guitar_0180,0,0,0,0,0,0,0,0,0,0,0,0
guitar_0181,1,1,1,1,1,1,1,1,1,1,1,1
guitar_0182,1,1,1,1,1,1,1,1,1,1,1,1
guitar_0183,1,1,1,1,1,1,1,1,1,1,1,1
guitar_0184,0,0,0,0,0,0,0,0,0,0,0,0
guitar_0185,0,0,0,0,0,0,0,0,0,0,0,0
guitar_0186,0,0,0,0,0,0,0,0,0,0,0,0
guitar_0187,0,0,0,0,0,0,0,0,0,0,0,0
guitar_0188,0,0,0,1,0,0,0,0,0,0,0,0
guitar_0189,1,1,1,1,1,1,1,1,1,1,1,1
guitar_0190,1,1,1,1,1,1,1,1,1,1,1,1
guitar_0191,0,0,0,0,0,0,0,0,0,0,0,0
guitar_0192,0,0,0,0,0,0,0,0,0,0,0,0
guitar_0193,1,1,1,1,1,1,1,1,1,1,1,1
guitar_0194,0,0,0,0,0,0,0,0,0,0,0,0
guitar_0195,0,0,0,0,0,0,0,0,0,0,0,0
guitar_0196,1,1,1,1,1,1,1,1,1,1,1,1
guitar_0197,1,1,1,1,1,1,1,1,1,1,1,1
guitar_0198,1,1,1,1,1,1,1,1,1,1,1,1
guitar_0199,0,0,0,0,0,0,0,0,0,0,0,0
guitar_0200,0,0,0,0,0,0,0,0,0,0,0,0
guitar_0201,0,0,0,0,0,0,0,0,0,0,0,0
guitar_0202,0,0,0,0,0,0,0,0,0,0,0,0
guitar_0203,1,1,1,1,1,1,1,1,1,1,1,1
guitar_0204,1,1,1,1,1,1,1,1,1,1,1,1
guitar_0205,0,0,0,0,0,0,0,0,0,0,0,0
guitar_0206,0,0,0,0,0,0,0,0,0,0,0,0
guitar_0207,0,0,0,0,0,0,0,0,0,0,0,0
guitar_0208,0,0,0,0,0,0,0,0,0,0,0,0
guitar_0209,0,0,0,0,0,0,0,0,0,0,0,0
guitar_0210,1,1,1,1,1,1,1,1,1,1,1,1
guitar_0211,1,1,1,1,1,1,1,1,1,1,1,1
guitar_0212,0,0,0,0,0,0,0,0,0,0,0,0
guitar_0213,0,0,0,0,0,0,0,0,0,0,0,0
guitar_0214,0,0,0,0,0,0,0,0,0,0,1,0
guitar_0215,0,0,0,0,0,0,0,0,0,0,0,0
guitar_0216,0,0,0,0,0,0,0,0,0,0,0,0
guitar_0217,0,0,0,0,0,0,0,0,0,0,0,0
guitar_0218,0,0,0,0,0,0,0,0,0,0,0,0
guitar_0219,0,0,0,0,0,0,0,0,0,0,0,0
guitar_0220,0,0,0,0,0,0,0,0,0,0,0,0
guitar_0221,0,0,0,0,0,0,0,0,0,1,0,0
guitar_0222,1,1,1,1,1,1,1,1,1,1,1,1
guitar_0223,1,1,1,1,1,1,1,1,1,1,1,1
guitar_0224,0,0,0,0,0,0,0,0,0,0,0,0
guitar_0225,1,1,1,1,1,1,1,1,1,1,1,1
guitar_0226,0,0,0,0,0,0,0,0,0,0,0,0
guitar_0227,0,0,0,0,0,0,0,0,0,0,0,0
guitar_0228,1,1,1,1,1,1,1,1,1,1,1,1
guitar_0229,0,0,0,0,0,0,0,0,0,0,0,0
guitar_0230,1,1,1,1,1,1,1,1,1,1,1,1
guitar_0231,1,1,1,1,1,1,1,1,1,1,1,1
guitar_0232,1,1,1,1,1,1,1,1,1,1,1,1
guitar_0233,1,1,1,1,1,1,1,1,1,1,1,1
guitar_0234,0,0,0,1,1,0,0,0,0,0,0,0
guitar_0235,1,1,1,1,1,1,1,1,1,1,1,1
guitar_0236,1,1,1,1,1,1,1,1,1,1,1,1
guitar_0237,1,1,1,1,1,1,1,1,1,1,1,1
guitar_0238,1,1,1,1,1,1,1,1,1,1,1,1
guitar_0239,0,0,1,0,1,0,0,0,0,0,1,0
guitar_0240,1,1,1,1,1,1,1,1,1,1,1,1
guitar_0241,1,1,1,1,1,1,1,1,1,1,1,1
guitar_0242,1,1,1,1,1,1,1,1,1,1,1,1
guitar_0243,1,1,1,1,1,1,1,1,1,1,1,1
guitar_0244,1,1,1,1,1,1,1,1,1,1,1,1
guitar_0245,1,1,1,1,1,1,1,1,1,1,1,1
guitar_0246,0,0,0,0,0,0,0,0,0,0,0,0
guitar_0247,1,1,1,1,1,1,1,1,1,1,1,1
guitar_0248,0,0,0,0,0,0,0,0,0,0,0,0
guitar_0249,1,1,1,1,1,1,1,1,1,1,1,1
guitar_0250,1,1,1,1,1,1,1,1,1,1,1,1
guitar_0251,0,0,0,0,0,0,0,0,0,1,0,0
guitar_0252,0,0,1,1,1,0,0,0,0,1,1,1
guitar_0253,0,0,0,0,0,0,0,0,0,0,1,0
guitar_0254,1,1,1,1,1,1,1,1,1,1,1,1
guitar_0255,0,0,0,0,0,0,0,0,0,0,0,0
keyboard_0146,0,0,0,0,0,0,0,0,0,0,0,0
keyboard_0147,0,0,0,0,0,0,0,0,0,0,0,0
keyboard_0148,0,0,0,0,0,0,0,0,0,0,0,0
keyboard_0149,0,0,0,0,0,0,0,0,0,0,0,0
keyboard_0150,0,0,0,0,0,0,0,0,0,0,0,0
keyboard_0151,0,0,0,0,0,0,0,0,0,0,0,0
keyboard_0152,0,0,0,0,0,0,0,0,0,0,0,0
keyboard_0153,0,0,0,0,0,0,0,0,0,0,0,0
keyboard_0154,0,0,0,0,0,0,0,0,0,0,0,0
keyboard_0155,0,0,0,0,0,0,0,0,0,1,0,0
keyboard_0156,1,0,0,0,0,0,0,0,0,0,0,0
keyboard_0157,0,0,0,0,0,0,0,0,0,0,0,0
keyboard_0158,0,0,0,0,0,0,0,0,0,0,0,0
keyboard_0159,1,1,1,1,1,1,1,1,1,1,1,1
keyboard_0160,0,0,0,0,0,0,0,0,0,0,0,0
keyboard_0161,1,1,1,1,1,1,1,1,1,1,0,1
keyboard_0162,0,0,0,0,0,0,0,0,0,0,0,0
keyboard_0163,0,0,1,0,0,0,0,0,1,0,0,0
keyboard_0164,0,0,0,0,0,0,0,0,0,0,0,0
keyboard_0165,0,0,0,0,0,0,0,0,0,0,0,0
lamp_0125,0,0,0,0,0,0,0,0,0,0,0,0
lamp_0126,0,0,0,0,0,0,0,0,0,0,0,0
lamp_0127,0,0,0,0,0,0,0,0,0,0,0,0
lamp_0128,0,0,0,0,0,0,0,0,0,0,0,0
lamp_0129,0,0,0,0,0,0,0,0,0,0,0,0
lamp_0130,0,1,0,0,0,0,0,0,0,0,0,0
lamp_0131,0,0,0,0,0,0,0,0,0,0,0,0
lamp_0132,0,1,1,1,1,1,1,1,0,1,1,1
lamp_0133,0,0,0,0,0,0,0,0,0,0,0,0
lamp_0134,1,1,1,1,1,1,1,1,1,1,1,1
lamp_0135,0,0,0,0,0,0,0,0,0,0,0,0
lamp_0136,1,1,1,0,0,1,1,1,1,1,1,1
lamp_0137,1,0,0,0,0,0,1,0,0,0,0,1
lamp_0138,0,0,0,0,0,0,0,0,0,0,0,0
lamp_0139,0,0,0,0,0,0,0,0,0,0,0,0
lamp_0140,0,0,0,0,0,0,0,0,0,0,0,0
lamp_0141,1,1,1,1,1,1,1,1,1,1,1,1
lamp_0142,0,0,0,0,0,0,0,0,0,0,0,0
lamp_0143,0,0,0,0,0,0,0,0,0,0,0,0
lamp_0144,0,0,0,0,0,0,0,0,0,0,0,0
laptop_0150,0,0,0,0,0,0,0,0,0,0,0,0
laptop_0151,0,0,0,0,0,0,0,0,0,0,0,0
laptop_0152,0,0,0,0,0,0,0,0,0,0,0,0
laptop_0153,0,0,0,0,0,0,0,0,0,0,0,0
laptop_0154,0,0,0,0,0,0,0,0,0,0,0,0
laptop_0155,1,1,1,0,1,1,1,1,1,1,1,1
laptop_0156,1,1,1,1,1,0,1,1,1,1,1,1
laptop_0157,1,1,1,1,1,1,1,1,1,1,1,1
laptop_0158,0,0,0,0,0,0,0,0,0,0,0,0
laptop_0159,0,0,0,1,0,1,0,1,1,0,0,0
laptop_0160,0,0,0,0,0,0,0,0,0,0,0,0
laptop_0161,0,0,0,0,0,0,0,0,0,0,0,0
laptop_0162,1,1,1,1,1,1,1,1,1,1,1,1
laptop_0163,0,0,0,0,0,0,0,0,0,0,0,0
laptop_0164,0,0,0,0,0,0,0,0,0,0,0,0
laptop_0165,0,0,0,0,0,0,0,0,0,0,0,0
laptop_0166,1,1,1,1,1,1,1,1,1,0,1,1
laptop_0167,0,0,0,0,0,0,0,0,0,0,0,0
laptop_0168,0,0,0,0,0,0,0,0,0,0,0,0
laptop_0169,0,0,0,0,0,0,0,0,0,0,0,0
mantel_0285,1,1,1,1,1,1,1,1,1,1,1,1
mantel_0286,1,1,1,1,1,1,1,1,1,1,1,1
mantel_0287,1,1,1,1,1,1,1,1,1,1,1,1
mantel_0288,1,1,1,1,1,1,1,1,1,1,1,1
mantel_0289,1,1,1,1,1,1,1,1,1,1,1,1
mantel_0290,1,1,1,1,1,1,1,1,1,1,1,1
mantel_0291,0,0,1,0,0,0,0,1,1,1,1,0
mantel_0292,1,1,1,1,1,1,1,1,1,1,1,1
mantel_0293,1,1,1,1,1,1,1,1,1,1,1,1
mantel_0294,1,1,1,1,1,1,1,1,1,1,1,1
mantel_0295,1,1,1,1,1,1,1,1,1,1,1,1
mantel_0296,1,1,1,1,1,1,1,1,1,1,1,1
mantel_0297,1,1,1,1,1,1,1,1,1,1,1,1
mantel_0298,1,1,1,1,1,1,1,1,1,1,1,0
mantel_0299,1,1,1,1,1,1,1,1,1,1,1,1
mantel_0300,1,1,1,1,1,1,1,1,0,1,1,1
mantel_0301,1,1,1,1,1,1,1,1,1,1,1,1
mantel_0302,1,1,1,1,1,1,1,1,1,1,1,1
mantel_0303,0,0,0,0,0,0,0,0,0,0,0,0
mantel_0304,1,1,1,1,1,1,1,1,1,1,1,1
mantel_0305,0,0,0,0,0,0,0,0,0,0,0,0
mantel_0306,1,1,1,1,1,1,1,1,1,1,1,1
mantel_0307,1,1,1,1,1,1,1,1,1,1,1,1
mantel_0308,1,1,1,1,1,1,1,1,1,1,1,1
mantel_0309,1,1,1,1,1,1,1,1,1,1,1,1
mantel_0310,1,1,1,1,1,1,1,1,1,1,1,1
mantel_0311,1,1,1,1,1,1,1,1,1,1,1,1
mantel_0312,1,1,1,1,1,1,1,1,1,1,1,1
mantel_0313,1,1,1,1,1,1,1,1,1,1,1,1
mantel_0314,1,1,1,1,1,1,1,1,1,1,1,1
mantel_0315,1,1,1,1,1,1,1,1,1,1,1,1
mantel_0316,1,1,1,1,1,1,1,1,1,1,1,1
mantel_0317,1,1,1,1,1,1,1,1,1,1,1,1
mantel_0318,1,1,1,1,1,1,1,1,1,1,1,1
mantel_0319,1,1,1,1,1,1,1,1,1,1,1,1
mantel_0320,0,0,0,0,0,0,0,0,0,0,0,0
mantel_0321,1,1,1,1,1,1,1,1,1,1,1,1
mantel_0322,0,0,0,0,0,1,0,1,0,1,0,0
mantel_0323,1,1,1,1,1,1,1,1,1,1,1,1
mantel_0324,1,1,1,1,1,1,1,1,1,1,1,1
mantel_0325,0,0,1,0,0,1,0,1,1,1,1,0
mantel_0326,1,1,1,1,1,1,1,1,1,1,1,1
mantel_0327,1,1,1,1,1,1,1,1,1,1,1,1
mantel_0328,1,1,1,1,1,1,1,1,1,1,1,1
mantel_0329,1,1,1,1,1,1,1,1,1,1,1,1
mantel_0330,1,1,1,1,1,1,1,1,1,1,1,1
mantel_0331,1,1,1,1,1,1,1,1,1,1,1,1
mantel_0332,1,1,1,1,1,1,1,1,1,1,1,1
mantel_0333,0,0,0,0,0,0,0,0,0,0,0,0
mantel_0334,1,1,1,1,1,1,1,1,1,1,1,1
mantel_0335,1,1,1,1,1,1,1,1,1,1,1,1
mantel_0336,1,1,1,1,1,1,1,1,1,1,1,1
mantel_0337,1,1,1,1,1,1,1,1,1,1,1,1
mantel_0338,1,1,1,1,1,1,1,1,1,1,1,1
mantel_0339,1,1,1,1,1,1,1,1,1,1,1,1
mantel_0340,1,1,1,1,1,1,1,1,1,1,1,1
mantel_0341,1,1,1,1,1,1,1,1,1,1,1,1
mantel_0342,1,1,1,1,1,1,1,1,1,1,1,1
mantel_0343,1,1,1,1,1,1,1,1,1,1,1,1
mantel_0344,1,1,1,1,1,1,1,1,1,1,1,1
mantel_0345,1,1,1,1,1,1,1,1,1,1,1,1
mantel_0346,1,1,1,1,1,1,1,1,1,1,1,1
mantel_0347,1,1,1,1,1,1,1,1,1,1,1,1
mantel_0348,1,1,1,1,1,1,1,1,1,1,1,1
mantel_0349,0,0,0,0,0,0,0,0,0,0,0,0
mantel_0350,1,1,1,1,1,1,1,1,1,1,1,1
mantel_0351,1,1,1,1,1,1,1,1,1,1,1,1
mantel_0352,1,1,1,1,1,1,1,1,1,1,1,1
mantel_0353,1,1,1,1,1,1,1,1,1,1,1,1
mantel_0354,1,1,1,1,1,1,1,1,1,1,1,1
mantel_0355,1,1,1,1,1,1,1,1,1,1,1,1
mantel_0356,1,1,1,1,1,1,1,1,1,1,1,1
mantel_0357,1,1,1,1,1,1,1,1,1,1,1,1
mantel_0358,1,1,1,1,1,1,1,1,1,1,1,1
mantel_0359,0,0,0,0,0,0,0,0,0,0,0,0
mantel_0360,1,1,1,1,1,1,1,1,1,1,1,1
mantel_0361,1,1,1,1,1,1,1,1,1,1,1,1
mantel_0362,1,1,1,1,1,1,1,1,1,1,1,1
mantel_0363,1,1,1,0,0,1,1,0,1,1,0,1
mantel_0364,1,1,1,1,1,1,1,1,1,1,1,1
mantel_0365,0,0,0,0,0,0,0,0,0,0,0,0
mantel_0366,0,0,0,0,0,0,0,0,0,0,0,0
mantel_0367,1,1,1,1,1,1,1,1,1,1,1,1
mantel_0368,1,1,1,1,1,1,1,1,1,1,1,1
mantel_0369,1,1,1,1,1,1,1,1,1,1,1,1
mantel_0370,1,1,1,1,1,1,1,1,1,1,1,1
mantel_0371,1,1,1,1,1,1,1,1,1,1,1,1
mantel_0372,1,1,1,1,1,1,1,1,1,1,1,1
mantel_0373,0,0,0,0,0,0,0,0,0,0,0,0
mantel_0374,0,0,0,0,0,0,0,0,0,0,0,0
mantel_0375,0,0,0,0,0,0,0,0,0,0,0,0
mantel_0376,1,1,1,1,1,1,1,1,1,1,1,1
mantel_0377,1,1,1,1,1,1,1,1,1,1,1,1
mantel_0378,1,1,1,1,1,1,1,1,1,1,1,1
mantel_0379,1,1,1,1,1,1,1,1,1,1,1,1
mantel_0380,1,1,1,1,1,1,1,1,1,1,1,1
mantel_0381,1,1,1,1,1,1,1,1,1,1,1,1
mantel_0382,1,1,1,1,1,1,1,1,1,1,1,1
mantel_0383,1,1,1,1,1,1,1,1,1,1,1,1
mantel_0384,0,0,0,0,0,0,0,0,0,0,0,0
person_0089,0,0,1,0,0,0,0,1,0,0,0,1
person_0090,0,0,0,0,0,0,0,0,0,0,0,0
person_0091,1,0,0,1,1,1,1,0,1,1,1,1
person_0092,0,0,0,0,0,0,0,0,0,0,0,0
person_0093,1,1,1,1,1,1,1,1,1,1,1,1
person_0094,0,0,0,0,0,0,0,0,0,0,0,0
person_0095,1,0,1,1,1,1,0,0,1,1,1,1
person_0096,1,1,1,1,1,0,1,1,1,1,1,1
person_0097,1,1,1,1,0,1,1,0,1,0,0,0
person_0098,0,0,0,0,0,0,0,0,0,0,0,0
person_0099,0,0,0,0,0,0,0,0,0,0,0,0
person_0100,1,1,1,1,1,1,1,1,1,1,1,1
person_0101,0,0,0,0,0,0,0,0,0,0,0,1
person_0102,1,1,1,1,0,1,1,1,1,1,1,1
person_0103,1,1,1,1,1,1,1,1,1,1,1,1
person_0104,1,1,1,1,1,1,1,1,1,1,1,1
person_0105,1,1,1,1,1,1,1,1,1,1,1,1
person_0106,1,1,1,1,1,1,1,1,1,1,1,1
person_0107,1,1,0,0,0,1,1,1,1,1,1,1
person_0108,0,0,0,0,0,0,0,0,0,0,0,0
piano_0232,0,0,0,0,0,0,0,0,0,0,0,0
piano_0233,0,0,0,0,0,0,0,0,0,0,0,0
piano_0234,0,0,0,0,0,0,0,0,0,0,0,0
piano_0235,1,1,1,1,1,1,1,1,1,1,1,1
piano_0236,0,0,0,0,0,0,0,0,0,0,0,0
piano_0237,0,0,0,0,0,0,0,0,0,0,0,0
piano_0238,1,1,1,1,1,1,1,1,1,1,1,1
piano_0239,0,0,0,0,0,0,0,0,0,0,0,0
piano_0240,1,1,1,1,1,1,1,1,1,1,1,1
piano_0241,1,1,1,1,1,1,1,1,1,1,1,1
piano_0242,1,1,1,1,1,1,1,1,1,1,1,1
piano_0243,0,0,0,0,0,0,0,0,0,0,0,0
piano_0244,1,1,1,1,1,1,1,1,1,1,1,1
piano_0245,1,1,1,1,1,1,1,1,1,1,1,1
piano_0246,0,0,0,0,0,0,0,0,0,0,0,0
piano_0247,0,0,0,0,0,0,0,0,0,0,0,0
piano_0248,0,0,0,0,0,0,0,0,0,0,0,0
piano_0249,0,0,0,0,0,0,0,0,0,0,0,0
piano_0250,0,1,0,0,0,0,0,1,0,0,0,0
piano_0251,1,1,1,1,1,1,1,1,1,1,1,1
piano_0252,0,0,0,0,0,0,0,0,0,0,0,0
piano_0253,0,0,0,0,0,0,0,0,0,0,0,0
piano_0254,1,1,1,1,1,1,1,1,1,1,1,1
piano_0255,1,1,1,1,1,1,1,1,1,1,1,1
piano_0256,1,1,1,1,1,1,1,1,1,1,1,1
piano_0257,0,0,0,0,0,0,0,0,0,0,0,0
piano_0258,1,1,1,1,1,1,1,1,1,1,1,1
piano_0259,0,0,0,0,0,0,0,0,0,0,0,0
piano_0260,1,1,1,1,0,1,1,1,1,1,1,0
piano_0261,0,0,1,0,1,0,1,1,0,0,0,1
piano_0262,1,1,1,1,1,1,1,1,1,1,1,1
piano_0263,1,1,1,1,1,1,1,1,1,1,1,1
piano_0264,1,1,1,1,1,1,1,1,1,1,1,1
piano_0265,1,1,1,1,1,1,1,1,1,1,1,1
piano_0266,1,1,1,1,1,1,1,1,1,1,1,1
piano_0267,0,0,0,0,0,0,0,0,0,0,0,0
piano_0268,0,0,0,0,0,0,0,0,0,0,0,0
piano_0269,0,0,0,0,0,0,0,0,0,0,0,0
piano_0270,0,0,0,0,0,0,0,0,0,0,0,0
piano_0271,0,0,0,0,0,0,0,0,1,0,0,0
piano_0272,0,0,0,0,0,0,0,0,0,0,0,0
piano_0273,1,1,1,1,1,1,1,1,1,1,1,1
piano_0274,0,0,0,0,0,0,0,0,0,0,0,0
piano_0275,1,1,1,1,1,1,1,1,1,1,1,1
piano_0276,1,1,1,1,1,1,1,1,1,1,1,1
piano_0277,1,1,1,1,1,1,1,1,1,1,1,1
piano_0278,1,1,1,1,1,1,1,1,1,1,1,1
piano_0279,1,1,1,1,1,1,1,1,1,1,1,1
piano_0280,1,1,1,1,1,1,1,1,1,1,1,1
piano_0281,0,0,0,0,0,0,0,0,0,0,0,0
piano_0282,0,0,0,0,0,0,0,0,0,0,0,0
piano_0283,1,1,1,1,1,1,1,1,1,1,1,1
piano_0284,1,1,1,1,1,1,1,1,1,1,1,1
piano_0285,1,1,1,1,1,1,1,1,1,1,1,1
piano_0286,0,0,0,0,0,0,0,0,0,0,0,0
piano_0287,0,0,0,0,0,0,0,0,0,0,0,0
piano_0288,0,0,0,0,0,0,0,0,0,0,0,0
piano_0289,1,1,1,1,1,1,1,1,1,1,1,1
piano_0290,1,0,0,0,0,0,0,0,0,0,0,0
piano_0291,1,1,1,1,1,1,1,1,1,1,1,1
piano_0292,0,0,0,0,0,0,0,0,0,0,0,0
piano_0293,1,1,1,1,1,1,1,1,1,1,1,1
piano_0294,1,1,1,1,1,1,1,1,1,1,1,1
piano_0295,1,1,1,1,1,1,1,1,1,1,1,1
piano_0296,0,0,0,0,0,0,0,0,0,0,0,0
piano_0297,0,0,0,0,0,0,0,0,0,0,0,0
piano_0298,0,0,0,0,0,0,0,0,0,0,0,0
piano_0299,0,0,1,0,0,1,0,0,0,0,0,0
piano_0300,1,1,1,1,1,1,1,1,1,1,1,1
piano_0301,1,1,1,1,1,1,1,1,1,1,1,1
piano_0302,1,1,1,1,1,1,1,1,1,1,1,1
piano_0303,0,0,0,0,0,0,0,0,0,0,0,0
piano_0304,0,0,0,0,0,0,0,0,0,0,0,0
piano_0305,1,1,1,1,1,1,1,1,1,1,1,1
piano_0306,0,0,0,0,0,0,0,0,0,0,0,0
piano_0307,0,0,0,0,0,0,0,0,0,0,0,0
piano_0308,0,0,0,0,0,0,0,0,0,0,0,0
piano_0309,0,0,0,0,0,0,0,0,0,0,0,0
piano_0310,1,1,1,1,1,1,1,1,1,1,1,1
piano_0311,1,1,1,1,1,1,1,1,1,1,1,1
piano_0312,1,1,1,1,1,1,1,1,1,1,1,1
piano_0313,0,0,0,0,0,0,0,0,0,0,0,0
piano_0314,1,1,1,1,1,1,1,1,1,1,1,1
piano_0315,0,0,0,0,0,0,0,0,0,0,0,0
piano_0316,0,0,0,0,0,0,0,0,0,0,0,0
piano_0317,1,1,1,1,1,1,1,1,1,1,1,1
piano_0318,1,1,1,1,1,1,1,1,1,1,1,1
piano_0319,0,0,0,0,0,0,0,0,0,0,0,0
piano_0320,1,1,1,1,1,1,1,1,1,1,1,1
piano_0321,1,1,1,1,1,1,1,1,1,1,1,1
piano_0322,0,0,1,0,0,0,0,0,0,0,0,0
piano_0323,0,0,0,0,0,0,0,1,1,1,1,0
piano_0324,0,1,1,1,1,1,1,1,1,1,1,1
piano_0325,1,1,1,1,1,1,1,1,1,1,1,1
piano_0326,0,0,0,0,0,0,0,0,0,0,0,0
piano_0327,1,1,1,1,1,1,1,1,1,1,1,1
piano_0328,0,0,0,0,0,0,0,0,0,0,0,0
piano_0329,1,1,1,1,1,1,1,1,1,1,1,1
piano_0330,1,1,1,1,1,1,1,1,1,1,1,1
piano_0331,0,0,0,0,1,0,0,0,0,0,0,0
plant_0241,1,1,1,1,1,1,1,1,1,1,1,1
plant_0242,1,1,1,1,1,1,1,1,1,1,1,1
plant_0243,1,1,1,1,1,1,1,1,1,1,1,1
plant_0244,1,1,1,1,1,1,1,1,1,1,1,1
plant_0245,1,1,1,1,1,1,1,1,1,1,1,1
plant_0246,0,0,0,0,0,0,0,0,0,0,0,0
plant_0247,1,1,1,1,1,1,1,1,1,1,1,1
plant_0248,1,1,1,1,1,1,1,1,1,1,1,1
plant_0249,1,1,1,1,1,1,1,1,1,1,1,1
plant_0250,0,0,0,0,0,0,0,0,0,0,0,0
plant_0251,1,1,1,1,1,1,1,1,1,1,1,1
plant_0252,1,1,1,1,1,1,1,1,1,1,1,1
plant_0253,1,1,1,1,1,1,1,1,1,1,1,1
plant_0254,1,1,1,1,1,1,1,1,1,1,1,1
plant_0255,1,1,1,1,1,1,1,1,1,1,1,1
plant_0256,1,1,1,1,1,1,1,1,1,1,1,1
plant_0257,0,0,0,0,0,0,0,0,0,0,0,0
plant_0258,0,0,1,0,0,0,0,0,1,0,0,0
plant_0259,1,1,1,1,1,1,1,1,1,1,1,1
plant_0260,1,1,1,1,1,1,1,1,1,1,1,1
plant_0261,0,0,0,0,0,0,0,0,0,0,0,0
plant_0262,1,1,1,1,1,1,1,1,1,1,1,1
plant_0263,0,0,0,0,0,0,0,0,0,0,0,0
plant_0264,1,1,1,1,1,1,1,1,1,1,1,1
plant_0265,0,0,0,0,0,0,0,0,0,0,0,0
plant_0266,1,1,1,1,1,1,1,1,1,1,1,1
plant_0267,0,0,0,0,0,0,0,0,0,0,0,0
plant_0268,1,1,1,1,1,1,1,1,1,1,1,1
plant_0269,1,1,1,1,1,1,1,1,1,1,1,1
plant_0270,0,1,1,1,0,1,1,1,0,0,0,1
plant_0271,1,1,1,1,1,1,1,1,1,1,1,1
plant_0272,0,0,1,0,1,0,0,0,0,0,0,0
plant_0273,1,1,1,1,1,1,1,1,1,1,1,1
plant_0274,0,0,0,1,1,0,1,0,0,1,0,0
plant_0275,1,0,0,0,1,0,1,1,0,0,0,0
plant_0276,0,0,0,0,0,0,0,0,0,0,0,0
plant_0277,1,1,1,1,1,1,1,1,1,1,1,1
plant_0278,1,1,1,1,1,1,1,1,1,1,1,1
plant_0279,1,1,1,1,1,1,1,1,1,1,1,1
plant_0280,1,1,1,1,1,1,1,1,1,1,1,1
plant_0281,1,1,1,1,1,1,1,1,1,1,1,1
plant_0282,1,1,1,1,1,1,1,1,1,1,1,1
plant_0283,0,0,0,0,0,0,0,0,0,0,1,0
plant_0284,1,1,1,1,1,1,1,1,1,1,1,1
plant_0285,0,0,0,1,1,0,0,0,0,0,0,0
plant_0286,0,0,0,0,0,0,0,0,0,0,0,0
plant_0287,1,1,1,1,1,1,1,1,1,1,1,1
plant_0288,1,1,1,1,1,1,1,1,1,1,1,1
plant_0289,1,1,1,1,1,1,1,1,1,1,1,1
plant_0290,1,1,1,1,1,1,1,1,1,1,1,1
plant_0291,1,1,1,1,1,1,1,1,1,1,1,1
plant_0292,1,1,1,1,1,1,1,1,1,1,1,1
plant_0293,1,1,1,1,1,1,1,1,1,1,1,1
plant_0294,1,1,1,1,1,1,1,1,1,1,1,1
plant_0295,0,0,0,0,0,0,0,0,0,0,0,0
plant_0296,1,1,1,1,1,1,1,1,1,1,1,1
plant_0297,1,1,1,1,1,1,1,1,1,1,1,1
plant_0298,1,1,1,1,1,1,1,1,1,1,1,1
plant_0299,1,1,1,1,1,1,1,1,1,1,1,1
plant_0300,1,1,1,1,1,1,1,1,1,1,1,1
plant_0301,1,0,0,1,0,1,1,0,1,0,1,1
plant_0302,1,1,1,1,1,1,1,1,1,1,1,1
plant_0303,1,1,1,1,1,1,1,1,1,1,1,1
plant_0304,1,1,1,1,1,1,1,1,1,1,1,1
plant_0305,1,1,1,1,1,1,1,1,1,1,1,1
plant_0306,0,1,0,0,1,0,1,0,1,0,1,0
plant_0307,1,1,1,1,1,1,1,1,1,1,1,1
plant_0308,1,1,1,1,1,1,1,1,1,1,1,1
plant_0309,1,1,1,1,1,1,1,1,1,1,1,1
plant_0310,1,1,1,1,1,1,1,1,1,1,1,1
plant_0311,1,1,1,1,1,1,1,1,1,1,1,1
plant_0312,1,1,1,1,1,1,1,1,1,1,1,1
plant_0313,1,1,1,1,1,1,1,1,1,1,1,1
plant_0314,1,1,1,1,1,1,1,1,1,1,1,1
plant_0315,1,1,1,1,1,1,1,1,1,1,1,1
plant_0316,1,1,1,1,1,1,1,1,1,1,1,1
plant_0317,1,1,1,1,1,1,1,1,1,1,1,1
plant_0318,1,1,1,1,1,1,1,1,1,1,0,0
plant_0319,1,1,1,1,1,1,1,1,1,1,1,1
plant_0320,1,1,1,1,1,1,1,1,1,1,1,1
plant_0321,1,1,1,1,1,1,1,1,1,1,1,1
plant_0322,0,0,0,0,0,0,0,0,0,0,0,0
plant_0323,1,1,1,1,1,1,1,1,1,1,1,1
plant_0324,0,0,0,0,0,0,0,0,1,0,0,0
plant_0325,1,1,1,1,1,1,1,1,1,1,1,1
plant_0326,1,1,1,1,1,1,1,1,1,1,1,1
plant_0327,0,0,1,0,0,0,1,1,0,1,0,0
plant_0328,1,1,1,1,1,1,1,1,1,1,1,1
plant_0329,1,1,1,1,1,1,1,1,1,1,1,1
plant_0330,1,1,1,1,1,1,1,1,1,1,1,1
plant_0331,1,1,1,1,1,1,1,1,1,1,1,1
plant_0332,1,1,1,1,1,1,1,1,1,1,1,1
plant_0333,1,1,1,1,1,1,1,1,1,1,1,1
plant_0334,1,1,1,1,1,1,1,1,1,1,1,1
plant_0335,1,1,1,1,1,1,1,1,1,1,1,1
plant_0336,1,1,1,1,1,1,1,1,1,1,1,1
plant_0337,1,1,1,1,1,1,1,1,1,1,1,1
plant_0338,1,1,1,1,1,1,1,1,0,1,1,1
plant_0339,1,1,1,1,1,1,1,1,1,1,1,1
plant_0340,0,0,0,0,0,0,0,0,0,0,0,0
radio_0105,0,0,0,0,0,0,0,0,0,0,0,0
radio_0106,1,0,0,0,0,0,0,0,0,0,0,0
radio_0107,0,0,0,0,0,0,0,0,0,0,0,0
radio_0108,0,0,0,0,0,0,0,0,0,0,0,0
radio_0109,0,0,0,0,0,0,0,0,0,0,0,0
radio_0110,0,0,0,0,0,0,0,0,0,0,0,0
radio_0111,0,0,0,0,0,0,0,0,0,0,0,0
radio_0112,1,1,1,0,1,1,1,1,1,0,1,1
radio_0113,0,0,0,0,0,0,0,0,0,0,0,0
radio_0114,0,0,0,0,0,0,0,0,0,0,0,0
radio_0115,0,0,0,0,0,0,0,0,0,0,0,0
radio_0116,0,0,0,0,0,0,0,0,0,0,0,0
radio_0117,0,0,0,0,0,0,0,0,0,0,0,0
radio_0118,0,0,0,0,0,0,0,0,0,0,0,0
radio_0119,1,1,1,1,1,1,1,1,1,1,1,1
radio_0120,0,0,0,0,0,0,0,0,0,0,0,0
radio_0121,1,1,1,1,1,1,1,1,1,1,1,1
radio_0122,1,1,1,1,1,1,1,1,1,1,1,1
radio_0123,0,0,0,0,0,0,0,0,0,0,0,0
radio_0124,0,0,0,0,0,0,0,0,0,1,0,0
range_hood_0116,0,0,0,0,0,0,0,0,0,0,0,0
range_hood_0117,1,1,1,1,1,1,1,1,1,1,1,1
range_hood_0118,0,0,0,0,0,0,0,0,0,0,0,0
range_hood_0119,0,0,0,0,0,0,0,1,0,0,0,0
range_hood_0120,0,0,0,0,0,0,0,0,0,0,0,0
range_hood_0121,1,1,1,1,1,1,1,1,1,1,1,1
range_hood_0122,1,1,1,1,1,1,1,1,1,1,1,1
range_hood_0123,1,1,1,1,1,1,1,1,1,1,1,1
range_hood_0124,1,1,1,1,1,1,1,1,1,1,1,1
range_hood_0125,1,1,1,1,1,1,1,1,1,1,1,1
range_hood_0126,0,0,0,0,0,0,0,0,0,0,0,0
range_hood_0127,0,0,0,0,0,0,0,0,0,0,0,0
range_hood_0128,0,0,0,0,0,0,0,0,0,0,0,0
range_hood_0129,1,1,1,1,1,1,1,1,1,1,1,1
range_hood_0130,1,1,1,1,1,1,1,1,1,1,1,1
range_hood_0131,1,1,1,1,1,1,1,1,1,1,1,1
range_hood_0132,0,0,0,0,0,0,0,0,0,0,0,0
range_hood_0133,0,0,0,0,0,0,0,0,0,0,0,0
range_hood_0134,1,1,1,1,1,1,1,1,1,1,1,1
range_hood_0135,0,0,0,0,0,0,0,0,1,0,0,0
range_hood_0136,0,0,0,0,0,0,0,0,0,0,0,0
range_hood_0137,0,0,0,0,0,0,0,0,0,0,0,0
range_hood_0138,0,0,0,0,0,0,0,0,0,0,0,0
range_hood_0139,0,1,1,1,1,1,1,1,1,1,1,1
range_hood_0140,0,0,0,0,0,0,0,0,0,0,0,0
range_hood_0141,0,0,0,0,0,0,0,0,0,0,0,0
range_hood_0142,1,1,1,1,1,1,1,1,1,1,1,1
range_hood_0143,0,0,0,0,0,0,0,0,0,0,0,0
range_hood_0144,0,0,0,0,0,0,0,0,0,0,0,0
range_hood_0145,0,0,0,0,0,0,0,0,0,0,0,0
range_hood_0146,1,1,1,1,1,1,1,1,1,1,1,1
range_hood_0147,1,1,1,1,1,1,1,1,1,1,1,1
range_hood_0148,0,1,1,0,0,1,1,0,1,1,1,1
range_hood_0149,1,1,1,1,1,1,1,1,1,1,1,1
range_hood_0150,0,1,0,0,0,0,0,0,0,0,0,0
range_hood_0151,1,1,1,1,1,1,1,1,1,1,1,1
range_hood_0152,1,1,1,1,1,1,1,1,1,1,1,1
range_hood_0153,1,1,1,1,1,1,1,1,1,1,1,1
range_hood_0154,1,1,1,1,1,1,1,1,1,1,1,1
range_hood_0155,1,1,1,1,1,1,1,1,1,1,1,1
range_hood_0156,1,1,1,1,1,1,1,1,1,1,1,1
range_hood_0157,0,0,0,0,0,0,0,0,0,0,0,0
range_hood_0158,1,1,1,1,1,1,1,1,1,1,1,1
range_hood_0159,0,0,0,0,0,0,0,0,0,0,0,0
range_hood_0160,1,1,1,1,1,1,1,1,1,1,1,1
range_hood_0161,0,0,0,0,0,0,0,0,0,0,0,0
range_hood_0162,1,1,1,1,1,1,1,1,1,1,1,1
range_hood_0163,0,0,0,0,0,0,0,0,0,0,0,0
range_hood_0164,0,0,0,0,0,0,0,0,0,0,0,0
range_hood_0165,0,0,0,0,0,0,0,0,0,0,0,0
range_hood_0166,0,0,0,0,0,0,0,0,0,0,0,0
range_hood_0167,0,0,0,0,0,0,0,0,0,0,0,0
range_hood_0168,0,0,0,0,0,0,0,0,0,0,0,0
range_hood_0169,0,0,0,0,0,0,0,0,0,0,0,0
range_hood_0170,0,0,0,0,0,0,0,0,0,0,0,0
range_hood_0171,0,0,0,0,0,0,0,0,0,0,0,0
range_hood_0172,0,0,0,0,0,0,0,0,0,0,0,0
range_hood_0173,0,0,0,0,0,0,0,0,0,0,0,0
range_hood_0174,0,0,0,0,0,0,0,0,0,0,0,0
range_hood_0175,1,1,1,0,1,1,1,1,1,1,1,1
range_hood_0176,1,1,1,1,1,1,1,1,1,1,1,1
range_hood_0177,0,0,0,0,0,0,0,0,0,0,0,0
range_hood_0178,0,0,0,0,0,0,0,0,0,0,0,0
range_hood_0179,0,0,0,0,0,0,1,0,1,0,0,0
range_hood_0180,0,0,0,0,0,0,0,0,0,0,0,0
range_hood_0181,1,1,1,1,1,1,1,1,1,1,1,1
range_hood_0182,0,0,0,0,0,0,0,0,0,0,0,0
range_hood_0183,0,0,0,0,0,0,0,0,0,0,0,0
range_hood_0184,0,0,0,0,0,0,0,0,0,0,0,0
range_hood_0185,0,1,0,1,0,1,1,1,1,1,1,1
range_hood_0186,0,0,0,0,0,0,0,0,0,0,0,0
range_hood_0187,0,0,0,0,0,0,0,0,0,0,0,0
range_hood_0188,0,0,0,0,0,0,0,0,0,0,0,0
range_hood_0189,1,1,1,0,1,1,1,1,1,1,1,1
range_hood_0190,0,0,0,0,0,0,0,0,0,0,0,0
range_hood_0191,0,1,0,1,0,0,1,1,1,1,0,1
range_hood_0192,1,1,1,1,1,1,1,1,1,1,1,1
range_hood_0193,1,1,1,1,1,1,1,1,1,1,1,1
range_hood_0194,0,0,0,0,0,0,0,0,0,0,0,0
range_hood_0195,1,1,0,0,0,0,0,0,1,0,0,1
range_hood_0196,0,0,0,0,0,0,0,0,0,0,0,0
range_hood_0197,0,0,0,0,0,0,0,0,0,0,0,0
range_hood_0198,0,0,0,0,0,0,0,0,0,0,0,0
range_hood_0199,0,0,0,0,0,0,0,0,0,0,0,0
range_hood_0200,0,0,0,0,0,0,0,0,0,0,0,0
range_hood_0201,1,1,1,1,1,1,1,1,1,1,1,1
range_hood_0202,1,1,1,1,1,1,1,1,1,1,1,1
range_hood_0203,1,1,1,1,1,1,1,1,1,1,1,1
range_hood_0204,1,1,0,0,0,0,0,0,1,0,1,1
range_hood_0205,0,0,0,0,0,0,0,0,0,0,0,0
range_hood_0206,1,1,1,1,1,1,1,1,1,1,1,1
range_hood_0207,0,0,0,0,0,0,0,0,0,0,0,0
range_hood_0208,0,0,0,0,0,0,0,0,0,0,0,0
range_hood_0209,0,1,0,1,0,0,0,0,1,0,0,0
range_hood_0210,1,1,1,1,1,1,1,1,1,1,1,1
range_hood_0211,1,1,1,1,1,1,1,1,1,1,1,1
range_hood_0212,1,1,1,0,0,1,1,1,1,0,1,1
range_hood_0213,1,1,1,1,1,1,1,1,1,1,1,1
range_hood_0214,0,0,0,0,0,0,0,0,0,0,1,0
range_hood_0215,0,0,0,0,0,0,0,0,0,0,0,0
sink_0129,0,0,0,0,0,0,0,0,0,0,0,0
sink_0130,0,0,0,0,0,0,0,0,0,0,0,0
sink_0131,0,0,0,0,0,0,0,0,0,0,0,0
sink_0132,0,0,0,0,0,0,0,0,0,0,0,0
sink_0133,0,0,0,0,0,0,0,0,0,0,0,0
sink_0134,0,0,0,0,0,0,0,0,0,0,0,0
sink_0135,0,0,1,1,1,1,0,1,0,1,1,0
sink_0136,0,0,0,0,0,0,0,0,0,0,0,0
sink_0137,0,0,0,0,0,0,0,0,0,0,0,0
sink_0138,0,0,0,0,0,0,0,0,0,0,0,0
sink_0139,0,0,0,0,0,0,0,0,0,0,0,0
sink_0140,0,0,0,0,0,0,0,0,0,0,0,0
sink_0141,1,1,1,1,1,1,1,1,1,1,1,1
sink_0142,0,0,1,0,1,1,0,0,0,0,0,0
sink_0143,0,0,0,0,0,0,0,0,0,0,0,0
sink_0144,0,0,0,0,0,0,0,0,0,1,0,0
sink_0145,0,0,0,0,0,0,0,0,0,0,0,0
sink_0146,0,0,0,0,0,0,0,0,0,0,0,0
sink_0147,0,0,0,0,0,0,0,0,0,0,0,0
sink_0148,0,0,0,0,0,0,0,0,0,0,0,0
stairs_0125,0,0,0,0,0,0,0,0,0,0,0,0
stairs_0126,1,1,1,1,0,1,1,0,1,1,1,1
stairs_0127,1,1,1,1,1,1,1,1,1,1,1,1
stairs_0128,0,0,0,0,0,0,0,0,0,0,0,0
stairs_0129,0,0,0,0,0,1,0,0,0,0,0,1
stairs_0130,0,0,0,0,0,0,0,0,0,0,0,0
stairs_0131,0,0,0,0,0,0,0,0,0,0,0,0
stairs_0132,0,0,0,0,0,0,0,0,0,0,0,0
stairs_0133,0,0,0,0,0,0,0,0,0,0,0,0
stairs_0134,1,1,1,1,1,1,1,1,1,1,1,1
stairs_0135,0,0,0,0,0,0,0,0,0,0,0,0
stairs_0136,0,0,1,0,0,0,0,1,0,0,0,0
stairs_0137,0,0,0,0,0,0,0,0,0,0,0,0
stairs_0138,0,0,0,0,0,0,0,0,0,0,0,0
stairs_0139,0,0,0,0,0,0,0,0,0,0,0,0
stairs_0140,1,0,0,1,0,0,0,0,0,0,1,0
stairs_0141,0,0,0,0,0,0,0,0,0,0,0,0
stairs_0142,0,0,0,0,0,0,0,0,0,0,0,0
stairs_0143,0,0,0,0,0,0,0,0,0,0,0,0
stairs_0144,0,0,0,0,0,0,0,1,0,0,0,0
stool_0091,0,0,0,0,0,0,0,0,0,0,0,0
stool_0092,1,1,1,1,1,1,1,1,1,1,1,1
stool_0093,0,0,0,0,1,1,0,0,0,0,0,0
stool_0094,1,1,1,1,1,1,1,1,1,1,1,1
stool_0095,0,0,0,0,0,0,0,0,0,0,0,0
stool_0096,0,0,0,0,0,0,0,0,0,0,0,0
stool_0097,0,0,0,0,0,0,0,0,0,0,0,0
stool_0098,0,0,0,0,0,0,0,0,0,0,0,0
stool_0099,0,0,0,0,0,0,0,0,0,0,0,0
stool_0100,1,1,1,1,1,1,1,1,1,1,1,1
stool_0101,0,1,0,1,1,1,1,0,0,0,0,0
stool_0102,1,1,1,1,0,1,1,1,1,1,1,1
stool_0103,1,0,0,0,0,1,1,0,0,0,0,1
stool_0104,0,0,0,0,0,0,0,0,0,0,0,0
stool_0105,1,0,1,1,1,0,1,0,0,0,0,1
stool_0106,0,0,0,1,0,0,0,1,0,1,0,1
stool_0107,0,0,0,0,0,0,0,0,0,0,0,0
stool_0108,1,1,0,1,0,1,1,1,1,0,1,0
stool_0109,0,0,0,0,0,0,0,0,0,0,0,0
stool_0110,0,0,0,0,0,0,1,0,0,0,0,0
tent_0164,1,1,1,1,1,1,1,1,1,1,1,1
tent_0165,1,1,1,1,1,1,1,1,1,1,1,1
tent_0166,0,0,0,0,0,0,0,0,0,0,0,0
tent_0167,1,1,1,1,1,1,1,1,1,1,1,1
tent_0168,0,0,0,0,0,0,0,0,0,0,0,0
tent_0169,1,1,1,1,1,1,1,1,1,1,1,1
tent_0170,0,0,0,0,0,0,0,0,0,0,0,0
tent_0171,0,0,0,0,0,0,0,0,0,0,0,0
tent_0172,0,0,0,0,0,0,0,0,0,0,0,0
tent_0173,0,0,0,0,0,0,0,0,0,0,0,0
tent_0174,0,0,0,0,0,0,0,0,0,0,0,0
tent_0175,0,0,0,0,0,0,0,0,0,0,0,0
tent_0176,0,0,0,0,0,0,0,0,0,0,0,0
tent_0177,0,1,1,1,1,1,1,0,1,1,1,1
tent_0178,0,0,0,0,0,0,0,0,0,0,0,0
tent_0179,0,0,0,0,0,0,0,0,0,0,1,0
tent_0180,1,1,1,1,1,1,1,1,1,1,1,1
tent_0181,0,0,0,0,0,0,0,0,0,0,0,0
tent_0182,0,0,0,0,0,0,1,0,0,0,0,0
tent_0183,0,0,0,0,0,0,0,0,0,0,0,0
toilet_0345,1,1,1,1,1,1,1,1,1,1,1,1
toilet_0346,0,0,0,0,0,0,0,0,0,0,0,0
toilet_0347,0,1,0,0,0,0,0,0,0,0,0,0
toilet_0348,1,1,1,1,1,1,1,1,1,1,1,1
toilet_0349,1,1,1,1,1,1,1,1,1,1,1,1
toilet_0350,1,1,1,1,1,1,1,1,1,1,1,1
toilet_0351,1,1,1,1,1,1,1,1,1,1,1,1
toilet_0352,1,1,1,1,1,1,1,1,1,1,1,1
toilet_0353,1,1,1,1,1,1,1,1,1,1,1,1
toilet_0354,0,0,0,0,0,0,0,0,0,0,0,0
toilet_0355,1,1,1,1,1,1,1,1,1,1,1,0
toilet_0356,1,1,1,1,1,1,1,1,1,1,1,1
toilet_0357,0,1,1,0,0,0,0,0,0,1,1,1
toilet_0358,1,1,1,1,1,1,1,1,1,1,1,1
toilet_0359,1,1,1,1,1,1,1,1,1,1,1,1
toilet_0360,1,1,1,1,1,1,1,1,1,1,1,1
toilet_0361,1,1,1,1,1,1,1,1,1,1,1,1
toilet_0362,0,0,1,0,0,0,0,1,0,0,0,0
toilet_0363,1,1,1,1,1,1,1,1,1,1,1,1
toilet_0364,1,1,1,1,1,1,1,1,1,1,1,1
toilet_0365,1,1,1,1,1,1,1,1,1,1,1,1
toilet_0366,1,1,1,1,1,1,1,1,1,1,1,1
toilet_0367,1,1,1,1,1,1,1,1,1,1,1,1
toilet_0368,1,1,1,1,1,1,1,1,1,1,1,1
toilet_0369,1,1,1,1,1,1,1,1,1,1,1,1
toilet_0370,1,1,1,1,1,1,1,1,1,1,1,1
toilet_0371,1,1,1,1,1,1,1,1,1,1,1,1
toilet_0372,0,1,1,0,0,0,0,0,0,1,1,1
toilet_0373,0,0,0,0,0,0,0,0,0,0,0,0
toilet_0374,1,1,1,1,1,1,1,1,1,1,1,1
toilet_0375,0,0,0,0,0,0,0,0,0,0,0,0
toilet_0376,1,1,1,1,1,1,1,1,1,1,1,1
toilet_0377,1,1,1,1,1,1,1,1,1,1,1,1
toilet_0378,1,1,1,1,1,1,1,1,1,1,1,1
toilet_0379,1,1,1,1,1,1,1,1,1,1,1,1
toilet_0380,0,0,1,1,1,1,1,1,1,1,1,1
toilet_0381,1,1,1,1,1,1,1,1,1,1,1,1
toilet_0382,1,1,1,1,1,1,1,1,1,1,1,1
toilet_0383,1,1,1,1,1,1,1,1,1,1,1,1
toilet_0384,1,1,1,1,1,1,1,1,1,1,1,1
toilet_0385,1,1,1,1,1,1,1,1,1,1,1,1
toilet_0386,1,1,1,1,1,1,1,1,1,1,1,1
toilet_0387,1,1,1,1,1,1,1,1,1,1,1,1
toilet_0388,1,1,1,1,1,1,1,1,1,1,1,1
toilet_0389,1,1,1,1,1,1,1,1,1,1,1,1
toilet_0390,1,1,1,1,1,1,1,1,1,1,1,1
toilet_0391,1,1,1,1,1,1,1,1,1,1,1,1
toilet_0392,0,0,1,1,0,1,1,1,1,1,1,1
toilet_0393,1,1,0,1,1,0,1,1,1,1,1,1
toilet_0394,1,1,1,1,1,1,1,1,1,1,1,1
toilet_0395,1,1,1,1,1,1,1,1,1,1,1,1
toilet_0396,1,1,1,1,1,1,1,1,1,1,1,1
toilet_0397,1,1,1,1,1,1,1,1,1,1,1,1
toilet_0398,1,1,1,1,1,1,1,1,1,1,1,1
toilet_0399,1,1,1,1,1,1,1,1,1,1,1,1
toilet_0400,1,1,1,1,1,1,1,1,1,1,1,1
toilet_0401,1,1,1,1,1,1,1,1,1,1,1,1
toilet_0402,1,1,1,1,1,1,1,1,1,1,1,1
toilet_0403,0,1,1,1,1,1,1,1,1,1,1,1
toilet_0404,1,1,1,1,1,1,1,1,1,1,1,1
toilet_0405,0,0,0,0,0,0,0,0,0,0,0,0
toilet_0406,1,1,1,1,1,1,1,1,1,1,1,1
toilet_0407,1,1,1,1,1,1,1,1,1,1,1,1
toilet_0408,1,1,1,1,1,1,1,1,1,1,1,1
toilet_0409,1,1,1,1,1,1,1,1,1,1,1,1
toilet_0410,1,1,1,1,1,1,1,1,1,1,1,1
toilet_0411,1,1,1,1,1,1,1,1,1,1,1,1
toilet_0412,1,1,1,1,1,1,1,1,1,1,1,1
toilet_0413,1,1,1,1,1,1,1,1,1,1,1,1
toilet_0414,1,1,1,1,1,1,1,1,1,1,1,1
toilet_0415,1,1,1,1,1,1,1,1,1,1,1,1
toilet_0416,1,1,1,1,1,1,1,1,1,1,1,1
toilet_0417,1,1,1,1,1,1,1,1,1,1,1,1
toilet_0418,1,1,1,1,0,1,1,1,0,1,1,1
toilet_0419,1,1,1,1,1,1,1,1,1,1,1,1
toilet_0420,1,1,1,1,1,1,1,1,1,1,1,1
toilet_0421,1,1,1,1,1,1,1,1,1,1,1,1
toilet_0422,1,1,1,1,1,1,1,1,1,1,1,1
toilet_0423,1,1,1,1,1,1,1,1,1,1,1,1
toilet_0424,1,1,1,1,1,1,1,1,1,1,1,1
toilet_0425,1,1,1,1,1,1,1,1,1,1,1,1
toilet_0426,1,1,1,1,1,1,1,1,1,1,1,1
toilet_0427,1,1,1,1,1,1,1,1,1,1,1,1
toilet_0428,1,1,1,1,1,1,1,1,1,1,1,1
toilet_0429,1,1,1,1,1,1,1,1,1,1,1,1
toilet_0430,0,0,0,0,0,0,0,0,0,0,0,0
toilet_0431,1,1,1,1,1,1,1,1,1,1,1,1
toilet_0432,1,1,1,1,1,1,1,1,1,1,1,1
toilet_0433,1,1,1,1,1,1,1,1,1,1,1,1
toilet_0434,0,1,1,1,1,1,1,1,1,1,1,1
toilet_0435,1,1,1,1,1,1,1,1,1,1,1,1
toilet_0436,1,1,1,1,1,1,1,1,1,1,1,1
toilet_0437,1,1,1,1,1,1,1,1,1,1,1,1
toilet_0438,1,1,1,1,1,1,1,1,1,1,1,1
toilet_0439,1,1,1,1,1,1,1,1,1,1,1,1
toilet_0440,1,1,1,1,1,1,1,1,1,1,1,1
toilet_0441,1,1,1,1,1,1,1,1,1,1,1,1
toilet_0442,1,1,1,1,1,1,1,1,1,1,1,1
toilet_0443,1,1,1,1,1,1,1,1,1,1,1,1
toilet_0444,1,1,1,1,1,1,1,1,1,1,1,1
tv_stand_0268,0,0,0,0,0,0,0,0,0,0,0,0
tv_stand_0269,0,0,0,0,0,0,0,0,0,0,0,0
tv_stand_0270,0,0,0,0,0,0,0,0,0,0,0,0
tv_stand_0271,0,0,0,0,0,0,0,0,0,0,0,0
tv_stand_0272,0,0,0,0,0,0,0,0,0,0,0,0
tv_stand_0273,1,1,1,1,1,1,1,1,1,1,0,0
tv_stand_0274,0,0,0,0,0,0,0,0,0,0,0,0
tv_stand_0275,0,0,0,0,0,0,0,0,0,0,0,0
tv_stand_0276,0,0,0,0,0,0,0,0,0,0,0,0
tv_stand_0277,1,1,1,1,1,1,1,1,1,1,1,1
tv_stand_0278,0,0,0,0,0,0,0,0,0,0,0,0
tv_stand_0279,0,0,0,0,0,0,0,0,0,0,0,0
tv_stand_0280,1,1,1,1,1,1,1,1,0,1,1,1
tv_stand_0281,1,1,1,0,1,1,1,1,1,0,1,1
tv_stand_0282,0,0,0,0,0,0,0,0,0,0,0,0
tv_stand_0283,0,0,0,0,0,0,0,0,0,0,0,0
tv_stand_0284,0,0,0,1,0,0,0,0,0,0,0,0
tv_stand_0285,0,0,0,0,0,0,0,0,0,0,0,0
tv_stand_0286,1,1,1,1,1,1,1,1,1,1,1,1
tv_stand_0287,0,0,0,0,0,0,0,0,0,0,0,0
tv_stand_0288,0,0,0,0,0,0,0,0,0,0,0,0
tv_stand_0289,0,0,0,0,0,0,0,0,0,0,0,0
tv_stand_0290,0,0,0,0,0,0,0,0,0,0,0,0
tv_stand_0291,0,0,0,0,1,1,0,1,1,1,1,0
tv_stand_0292,1,1,1,1,1,1,1,1,0,1,1,1
tv_stand_0293,0,0,0,0,0,0,0,0,0,0,0,0
tv_stand_0294,0,0,0,0,0,0,0,0,0,0,0,0
tv_stand_0295,1,1,0,1,0,1,1,1,1,0,0,0
tv_stand_0296,0,0,0,0,0,0,0,0,0,0,0,0
tv_stand_0297,0,0,0,0,0,0,0,0,0,1,0,0
tv_stand_0298,0,0,0,0,0,0,0,0,0,0,0,0
tv_stand_0299,0,0,1,1,0,0,0,0,0,0,0,0
tv_stand_0300,0,0,1,0,0,0,0,0,0,0,1,0
tv_stand_0301,0,0,0,0,0,0,0,0,0,0,0,0
tv_stand_0302,0,0,0,0,0,0,0,0,0,0,0,0
tv_stand_0303,0,0,0,0,0,0,0,0,0,0,0,0
tv_stand_0304,0,0,0,0,0,0,0,0,0,0,0,0
tv_stand_0305,0,0,0,0,0,0,0,0,0,0,0,0
tv_stand_0306,0,0,0,0,0,0,0,0,0,0,0,0
tv_stand_0307,0,0,0,0,0,0,0,0,0,0,0,0
tv_stand_0308,1,1,1,1,1,1,1,1,1,1,1,1
tv_stand_0309,0,0,0,0,0,0,0,0,0,0,0,0
tv_stand_0310,0,0,0,0,0,0,0,0,0,0,0,0
tv_stand_0311,0,0,0,0,0,0,0,0,0,0,0,0
tv_stand_0312,0,1,0,0,0,0,0,0,0,0,0,1
tv_stand_0313,0,0,0,0,0,0,0,0,0,0,0,0
tv_stand_0314,1,1,1,1,1,1,1,1,1,1,1,1
tv_stand_0315,0,0,0,0,0,0,0,0,0,0,0,0
tv_stand_0316,1,1,1,1,1,0,1,1,0,1,1,1
tv_stand_0317,0,0,0,0,0,0,0,0,0,0,0,0
tv_stand_0318,1,1,1,1,1,1,1,1,1,1,1,1
tv_stand_0319,0,0,0,0,0,0,0,0,0,0,0,0
tv_stand_0320,1,1,1,1,1,1,1,1,1,1,1,1
tv_stand_0321,1,1,1,1,1,1,1,1,1,1,1,1
tv_stand_0322,1,1,1,1,1,1,1,1,1,1,1,1
tv_stand_0323,1,1,1,1,1,1,1,1,1,1,1,1
tv_stand_0324,0,1,0,0,1,0,0,1,0,0,0,0
tv_stand_0325,0,0,0,0,0,0,0,0,0,0,0,0
tv_stand_0326,0,0,0,0,0,0,0,0,0,0,0,0
tv_stand_0327,0,0,0,0,0,0,0,0,0,0,0,0
tv_stand_0328,0,0,0,0,0,0,0,0,0,0,0,0
tv_stand_0329,0,0,0,0,0,0,0,0,0,0,0,0
tv_stand_0330,0,0,0,0,0,0,0,0,0,0,0,0
tv_stand_0331,0,0,0,0,0,0,0,0,0,0,0,0
tv_stand_0332,0,1,1,0,0,0,0,0,0,0,1,0
tv_stand_0333,0,0,0,0,0,0,0,0,0,0,0,0
tv_stand_0334,0,0,0,0,1,0,1,0,0,1,0,0
tv_stand_0335,0,0,0,0,0,0,0,0,0,0,0,0
tv_stand_0336,0,0,0,0,0,0,0,0,0,0,0,0
tv_stand_0337,0,0,0,0,0,0,0,0,0,0,0,0
tv_stand_0338,0,0,0,0,0,0,0,0,0,0,0,0
tv_stand_0339,0,0,0,1,0,0,0,0,0,1,0,0
tv_stand_0340,0,0,1,1,0,0,0,0,0,1,0,0
tv_stand_0341,0,0,0,0,0,0,0,0,0,0,0,0
tv_stand_0342,1,1,1,1,1,1,1,1,1,1,1,1
tv_stand_0343,0,0,0,0,0,0,0,0,0,0,0,0
tv_stand_0344,1,1,1,1,1,1,1,1,1,1,1,1
tv_stand_0345,0,0,0,0,0,0,0,0,0,0,0,0
tv_stand_0346,1,1,1,1,1,1,1,1,1,0,1,1
tv_stand_0347,1,1,1,1,1,1,1,1,1,1,1,1
tv_stand_0348,1,1,1,1,1,1,1,1,1,1,1,1
tv_stand_0349,0,0,0,1,1,0,0,0,0,1,1,0
tv_stand_0350,0,0,0,0,0,0,0,0,0,0,0,0
tv_stand_0351,1,1,1,1,1,1,1,1,1,1,0,0
tv_stand_0352,0,1,1,1,0,0,1,0,0,0,1,0
tv_stand_0353,0,0,0,0,0,0,0,0,0,0,0,0
tv_stand_0354,0,0,0,0,0,0,1,1,1,1,1,0
tv_stand_0355,1,1,1,1,1,1,1,1,1,1,1,1
tv_stand_0356,0,0,0,0,0,0,0,0,0,0,0,0
tv_stand_0357,0,0,0,0,0,0,0,0,0,0,0,0
tv_stand_0358,0,0,0,0,0,0,0,0,0,0,0,0
tv_stand_0359,0,0,0,0,0,0,0,0,0,0,0,0
tv_stand_0360,1,0,0,1,1,0,1,0,0,1,1,0
tv_stand_0361,0,0,0,0,1,0,0,0,0,0,1,0
tv_stand_0362,0,0,0,0,0,0,0,0,0,0,0,0
tv_stand_0363,1,1,1,1,1,1,1,1,1,1,1,1
tv_stand_0364,1,0,1,1,1,1,0,0,0,1,1,0
tv_stand_0365,0,0,0,0,0,0,0,0,0,0,0,0
tv_stand_0366,0,1,1,0,1,1,1,1,0,0,1,1
tv_stand_0367,0,0,0,0,0,0,0,0,0,0,0,0
vase_0476,1,1,1,1,1,1,1,1,1,1,1,1
vase_0477,1,1,1,1,1,1,1,1,1,1,1,1
vase_0478,1,1,1,1,1,1,1,1,1,1,1,1
vase_0479,1,1,1,1,1,1,1,1,1,1,1,1
vase_0480,1,1,1,1,1,1,1,1,1,1,1,1
vase_0481,0,0,0,0,0,0,0,0,0,0,0,0
vase_0482,0,0,0,0,0,0,0,0,0,0,0,0
vase_0483,1,0,0,0,0,0,0,0,0,0,0,0
vase_0484,0,0,0,0,0,0,0,0,0,0,0,0
vase_0485,1,1,1,1,1,1,1,1,1,1,1,1
vase_0486,1,1,1,1,1,1,1,1,1,1,1,1
vase_0487,1,1,1,1,1,1,1,1,1,1,1,1
vase_0488,0,1,0,0,0,0,1,1,0,0,1,1
vase_0489,1,1,1,1,1,0,1,1,1,1,1,1
vase_0490,1,1,1,1,1,1,1,1,1,1,1,1
vase_0491,0,1,0,1,1,1,1,1,1,1,1,1
vase_0492,1,1,1,1,1,1,1,1,1,1,1,1
vase_0493,1,1,1,1,1,1,1,1,1,1,1,1
vase_0494,0,0,1,1,1,1,0,0,1,0,0,1
vase_0495,1,1,1,1,1,1,1,1,1,1,1,1
vase_0496,1,1,1,1,1,1,1,1,1,1,1,1
vase_0497,1,1,1,1,1,1,1,1,1,1,1,1
vase_0498,1,1,1,1,1,1,1,1,1,1,1,1
vase_0499,0,0,0,0,0,0,0,0,0,0,0,0
vase_0500,1,1,1,1,1,1,1,1,1,1,1,1
vase_0501,1,1,1,1,1,1,1,1,1,1,1,1
vase_0502,1,1,1,1,1,1,1,1,1,1,1,1
vase_0503,1,1,1,1,1,1,1,1,1,1,1,1
vase_0504,1,1,1,1,1,1,1,1,1,1,1,1
vase_0505,1,1,1,1,1,1,1,1,1,1,1,1
vase_0506,1,1,1,1,1,1,1,1,1,1,1,1
vase_0507,0,0,0,0,0,0,0,1,0,0,0,0
vase_0508,0,0,0,0,0,0,0,0,0,0,0,0
vase_0509,1,1,1,1,1,1,1,1,1,1,1,1
vase_0510,1,1,1,1,1,1,1,1,1,1,1,1
vase_0511,1,1,1,1,1,1,1,1,1,1,1,1
vase_0512,1,1,1,1,1,1,1,1,1,1,1,1
vase_0513,1,1,1,1,1,1,1,1,1,1,1,1
vase_0514,1,1,1,1,1,1,1,1,1,1,1,1
vase_0515,1,1,1,1,1,1,1,1,1,1,1,1
vase_0516,1,1,1,1,1,1,1,1,1,1,1,1
vase_0517,1,1,1,1,1,1,1,1,1,1,1,1
vase_0518,1,1,1,1,1,1,1,1,1,1,1,1
vase_0519,1,1,1,1,1,1,1,1,1,1,1,1
vase_0520,1,1,1,1,1,1,1,1,1,1,1,1
vase_0521,1,1,1,1,1,1,1,1,1,1,1,1
vase_0522,0,0,0,0,0,0,0,1,0,0,0,0
vase_0523,1,1,1,1,1,1,1,1,1,1,1,1
vase_0524,1,1,1,1,1,1,1,1,1,1,1,1
vase_0525,1,1,1,1,1,1,1,1,1,1,1,1
vase_0526,0,1,1,1,1,1,1,0,1,1,1,1
vase_0527,0,0,0,0,0,0,0,0,0,0,0,0
vase_0528,1,1,1,1,1,1,1,1,1,1,1,1
vase_0529,0,0,0,0,0,0,0,0,0,0,0,0
vase_0530,1,1,0,0,0,0,0,0,0,1,0,0
vase_0531,1,1,1,1,1,1,1,1,1,1,1,1
vase_0532,1,1,1,1,1,1,1,1,1,1,1,1
vase_0533,1,1,1,1,1,1,1,1,1,1,1,1
vase_0534,1,1,1,1,1,1,1,1,1,1,1,1
vase_0535,1,1,1,1,1,1,1,1,1,1,1,1
vase_0536,1,1,1,1,1,1,1,1,1,1,1,1
vase_0537,1,1,1,1,1,1,1,1,1,1,1,1
vase_0538,1,1,1,1,1,1,1,1,1,1,1,1
vase_0539,1,1,1,1,1,1,1,1,1,1,1,1
vase_0540,1,1,1,1,1,1,1,1,1,1,1,1
vase_0541,1,1,1,1,1,1,1,1,1,1,1,1
vase_0542,1,1,1,1,1,1,1,1,1,1,1,1
vase_0543,1,1,1,1,1,1,1,1,1,1,1,1
vase_0544,1,1,1,1,1,1,1,1,1,1,1,1
vase_0545,1,1,1,1,1,1,1,1,1,1,1,1
vase_0546,0,0,0,0,0,0,0,0,0,0,0,0
vase_0547,1,1,1,1,1,1,1,1,1,1,1,1
vase_0548,1,1,1,1,1,1,1,1,1,1,1,1
vase_0549,1,1,1,1,1,0,1,0,1,1,1,1
vase_0550,1,1,1,1,1,1,1,0,1,1,0,1
vase_0551,1,1,1,1,1,1,1,1,1,1,1,1
vase_0552,1,1,1,1,1,1,1,1,1,1,1,1
vase_0553,1,1,1,1,1,1,1,1,1,1,1,1
vase_0554,1,1,1,1,1,1,1,1,1,1,1,1
vase_0555,1,1,1,1,1,1,1,1,1,1,1,1
vase_0556,1,1,1,1,1,1,1,1,1,1,1,1
vase_0557,0,1,1,0,0,0,0,0,0,0,0,1
vase_0558,0,0,0,0,0,0,0,0,0,0,0,0
vase_0559,1,1,1,1,1,1,1,1,1,1,1,1
vase_0560,1,1,1,1,1,1,1,1,1,1,1,1
vase_0561,1,1,1,1,1,1,1,1,1,1,1,1
vase_0562,1,1,1,1,1,1,1,1,1,1,1,1
vase_0563,1,1,1,1,1,1,1,1,1,1,1,1
vase_0564,1,1,1,1,1,1,1,1,1,1,1,1
vase_0565,1,1,1,1,1,1,1,1,1,1,1,1
vase_0566,1,1,1,1,1,1,1,1,1,1,1,1
vase_0567,0,0,0,0,0,0,0,0,0,0,0,0
vase_0568,1,1,1,1,1,1,1,1,1,1,1,1
vase_0569,1,1,1,1,1,1,1,1,1,1,1,1
vase_0570,1,1,1,1,1,1,1,1,1,1,1,1
vase_0571,1,1,1,1,1,1,1,1,1,1,1,1
vase_0572,0,0,0,0,0,0,0,0,0,0,0,0
vase_0573,1,1,1,1,1,1,1,1,1,1,1,1
vase_0574,1,1,1,1,1,1,1,1,1,1,1,1
vase_0575,0,0,0,0,1,1,0,0,1,0,0,0
wardrobe_0088,1,1,1,1,1,1,1,1,1,1,1,1
wardrobe_0089,0,0,0,0,0,0,0,0,0,0,0,0
wardrobe_0090,1,1,1,1,1,1,1,1,1,1,1,1
wardrobe_0091,0,0,0,0,0,0,0,0,0,0,0,0
wardrobe_0092,0,0,0,0,0,0,0,0,0,0,0,0
wardrobe_0093,0,0,0,0,0,0,0,0,0,0,0,0
wardrobe_0094,0,0,1,1,1,1,1,1,0,1,1,1
wardrobe_0095,0,0,0,0,0,0,0,0,0,0,0,0
wardrobe_0096,1,1,1,1,1,1,1,1,1,1,1,1
wardrobe_0097,0,1,1,0,1,0,1,0,0,1,0,1
wardrobe_0098,0,0,0,0,0,0,0,0,0,0,0,0
wardrobe_0099,0,0,0,0,0,0,0,0,0,0,0,0
wardrobe_0100,0,0,0,0,0,0,0,0,0,0,0,0
wardrobe_0101,0,0,0,0,0,0,0,0,0,0,0,0
wardrobe_0102,0,0,0,0,0,0,0,0,0,0,0,0
wardrobe_0103,1,1,1,1,1,1,1,1,1,1,1,1
wardrobe_0104,0,0,0,0,0,0,0,0,0,0,0,0
wardrobe_0105,0,0,0,0,0,0,0,0,0,0,0,0
wardrobe_0106,0,0,1,1,0,0,0,0,0,1,1,1
wardrobe_0107,0,0,0,0,0,0,0,0,0,0,0,0
xbox_0104,0,0,0,0,0,0,0,0,0,0,0,0
xbox_0105,0,0,0,0,0,0,0,0,0,0,0,0
xbox_0106,0,0,0,0,0,0,0,0,0,0,0,0
xbox_0107,0,0,0,0,0,0,0,0,0,0,0,0
xbox_0108,0,0,0,0,0,1,1,0,0,0,0,0
xbox_0109,0,0,0,0,0,0,0,0,0,0,0,0
xbox_0110,0,0,1,1,1,1,0,1,1,1,1,1
xbox_0111,0,0,0,0,0,0,0,0,0,0,0,0
xbox_0112,0,0,0,0,0,0,0,0,0,0,0,0
xbox_0113,0,1,1,1,1,1,1,1,1,1,1,0
xbox_0114,0,0,0,0,0,0,0,0,0,0,0,0
xbox_0115,0,0,0,0,0,0,0,0,0,0,0,0
xbox_0116,0,0,0,0,0,0,0,0,0,0,1,0
xbox_0117,0,0,0,0,0,0,0,0,0,0,0,0
xbox_0118,0,0,0,0,0,0,0,0,0,0,0,0
xbox_0119,1,0,0,0,0,0,1,1,0,0,0,0
xbox_0120,0,0,0,0,0,0,0,0,0,0,0,0
xbox_0121,0,0,0,0,0,0,0,0,0,0,0,0
xbox_0122,0,0,0,1,0,0,0,0,0,0,0,0
xbox_0123,0,0,0,0,0,0,0,0,0,0,0,0
correct,1092,1106,1117,1110,1099,1101,1112,1107,1095,1120,1114,1106
wrong,770,756,745,752,763,761,750,755,767,742,748,756
